title,author,filename,url
2019 Arab Region SDG Index and Dashboards Report,United Nations,2019-the-arab-region-sdg-index-united-nations.pdf,https://pub-a5e3b47fe87749f491660d68e2029284.r2.dev/2019-the-arab-region-sdg-index-united-nations.pdf
3D Acquisition of Archaeological Structures at Wad Ben Naga,Sheryl Lindsell-Roberts,,https://pub-a5e3b47fe87749f491660d68e2029284.r2.dev/3d-acquisition-of-archaeological-structures-at-wad-ben-naga.epub
A Black Power in the Blue Nile: Military History of the Funj Sultanate,DPT Collective; Marc de Bruijn; Liz Castro; Florian Cramer; Joost Kircz; Silvio Lorusso; Michael Murtaugh; Pia Pol; Miriam Rasch; Margreet Riphagen,,https://pub-a5e3b47fe87749f491660d68e2029284.r2.dev/a-black-power-in-the-blue-nile-military-history-of-the-funj-.epub
A Brief Overview of the Continuity along the Nile Valley,David Kessler,,https://pub-a5e3b47fe87749f491660d68e2029284.r2.dev/a-brief-overview-of-the-continuity-along-the-nile-valley.epub
A Bronze Statue of a Meroitic Archer-King,King Arthur Flour,,https://pub-a5e3b47fe87749f491660d68e2029284.r2.dev/a-bronze-statue-of-a-meroitic-archer-king.epub
A Darfur Who's Who,Christopher Davidson,,https://pub-a5e3b47fe87749f491660d68e2029284.r2.dev/a-darfur-who-s-who.epub
A Faience Tile of the Old Kingdom Found in Nubia,John Hinnells,,https://pub-a5e3b47fe87749f491660d68e2029284.r2.dev/a-faience-tile-of-the-old-kingdom-found-in-nubia.epub
A First Look at the 5th Cataract and Plant Use in Ancient Sudan,Jeff Carlson,,https://pub-a5e3b47fe87749f491660d68e2029284.r2.dev/a-first-look-at-the-5th-cataract-and-plant-use-in-ancient-su.epub
A Glimpse of Dubai in Khartoum and Nouakchott: Prestige Urban Projects on the Margins of the Arab World,Armelle Choplin; Olivier Pliez,,https://shs.hal.science/halshs-00547524
A Historical GIS of Nubia Based on the William John Bankes Archive,Mark Twain,,https://pub-a5e3b47fe87749f491660d68e2029284.r2.dev/a-historical-gis-of-nubia-based-on-the-william-john-bankes-a.epub
A History of Modern Sudan,Robert O. Collins,,https://pub-a5e3b47fe87749f491660d68e2029284.r2.dev/history-of-modern-sudan-collins.pdf
A Macroeconometric Model for the Sudan: Policy Analysis and Implications (1982-2014),Mohieldin Elhassan,,https://pub-0c3bb637d5f54b239fe4a4ef9b08bfe3.r2.dev/A_Macroeconometric_Model_for_the_Sudan_P.pdf
A New Protective Shelter for the Royal Baths at Meroe,Catherine Saxelby,,https://pub-a5e3b47fe87749f491660d68e2029284.r2.dev/a-new-protective-shelter-for-the-royal-baths-at-meroe.epub
A Short History of the Sudan (Up to A.D. 1500),Margaret Shinnie,,https://pub-0c3bb637d5f54b239fe4a4ef9b08bfe3.r2.dev/short-history-of-sudan-shinnie.pdf
A Tropical Dependency: An Outline of the Ancient History of the Western Sudan,Flora Shaw Lugard,,https://pub-a5e3b47fe87749f491660d68e2029284.r2.dev/a-tropical-dependency-an-outline-of-the-ancient-history-of-t.epub
Advances on Remote Sensing for Archaeology in Sudan,Cathy Whitlock; Art Directors Guid,,https://pub-a5e3b47fe87749f491660d68e2029284.r2.dev/advances-on-remote-sensing-for-archaeology-in-sudan.epub
Africa and the Four Powers: Sudan Inaugurates Continental Railway,Hussein Askary,,https://pub-a5e3b47fe87749f491660d68e2029284.r2.dev/africa-and-the-four-powers-sudan-inaugurates-continental-rai.epub
Africa and the Four Powers: Sudan Inaugurates the Continental Railway,Hussein Askary,,https://pub-a5e3b47fe87749f491660d68e2029284.r2.dev/africa-four-powers-sudan-continental-railway.epub
Africa in Antiquity: The Arts of Ancient Nubia and the Sudan,John Knowles,,https://pub-a5e3b47fe87749f491660d68e2029284.r2.dev/africa-in-antiquity-the-arts-of-ancient-nubia-and-the-sudan.epub
Africa in Antiquity: The Arts of Ancient Nubia and the Sudan,Unknown,,https://pub-a5e3b47fe87749f491660d68e2029284.r2.dev/africa-antiquity-arts-ancient-nubia-sudan.epub
African Archaeological Review: The Meroitic Kingdom,"Grace Gershuny; Deborah, L. Martin",,https://pub-a5e3b47fe87749f491660d68e2029284.r2.dev/african-archaeological-review-the-meroitic-kingdom.epub
African Archaeological Review: The Meroitic Kingdom,Unknown,,https://pub-a5e3b47fe87749f491660d68e2029284.r2.dev/african-archaeological-review-meroitic-kingdom.epub
After Two Decades of Solitude,African Development Bank Group,after-two-decades-of-solitude-adbg.pdf,https://pub-a5e3b47fe87749f491660d68e2029284.r2.dev/after-two-decades-of-solitude-adbg.pdf
Agricultural Potential in the Sudans: Past Experience and Future Outlook,Jeff Carlson,,https://pub-a5e3b47fe87749f491660d68e2029284.r2.dev/agricultural-potential-in-the-sudans-past-experience-and-fut.epub
Agricultural Productivity and Poverty in Rural Sudan,Freda McManus; Gillian Butler,,https://pub-a5e3b47fe87749f491660d68e2029284.r2.dev/agricultural-productivity-and-poverty-in-rural-sudan.epub
Agriculture and the Environment in Sudan,Allan MacGregor,,https://pub-a5e3b47fe87749f491660d68e2029284.r2.dev/agriculture-and-the-environment-in-sudan.epub
"Aksum and Nubia: Warfare, Commerce, and Political Fictions",Alan Pearce,,https://pub-a5e3b47fe87749f491660d68e2029284.r2.dev/aksum-and-nubia-warfare-commerce-and-political-fictions.epub
Amanakhareqerema: A Meroitic King of the 1st Century AD,Michaela Riva Gaaserud,,https://pub-a5e3b47fe87749f491660d68e2029284.r2.dev/amanakhareqerema-a-meroitic-king-of-the-1st-century-ad.epub
Amanirenas (Novel),Adam J. Silverstein,,https://pub-a5e3b47fe87749f491660d68e2029284.r2.dev/amanirenas-en.epub
Amenirdas: Divine Votaress of Amun,DK,,https://pub-a5e3b47fe87749f491660d68e2029284.r2.dev/amenirdas-divine-votaress-of-amun.epub
An Assessment of Health Care and Economic Growth in Sudan: An ARDL Bound Testing Approach,Peter Adamu,,https://pub-0c3bb637d5f54b239fe4a4ef9b08bfe3.r2.dev/An_Assessment_of_Health_Care_and_Economi.pdf
An Econometric Model of Sudan: Simulation Experiment of Growth Prospects,M. S. Marzouk,,https://www.sciencedirect.com/science/article/abs/pii/0304387875900188
Analysis of the Ethio-Sudan Cross-Border Cattle Trade: The Case of Amhara Regional State,Mohammad Jabbar,,https://pub-0c3bb637d5f54b239fe4a4ef9b08bfe3.r2.dev/Analysis_of_the_Ethio_Sudan_cross_border.pdf
Analysis of the Recent Sudanese Industrial Policy in the New Structural Economics Framework: The Way towards Economic Transformation,Yagoub Elryah,,https://papers.ssrn.com/sol3/papers.cfm?abstract_id=2946117
Ancient Egypt and Nubia,James Weldon Johnson,,https://pub-a5e3b47fe87749f491660d68e2029284.r2.dev/ancient-egypt-and-nubia.epub
Ancient Egypt and Nubia: Cultural Connections,Mansur Hasib,,https://pub-a5e3b47fe87749f491660d68e2029284.r2.dev/ancient-egypt-and-nubia-cultural-connections.epub
Ancient Nubia,Oriental Institute Museum (University of Chicago),,https://isac.uchicago.edu/sites/default/files/uploads/shared/docs/ancient_nubia_gallery.pdf
Ancient Nubia and Kush,Carmine Gallo,,https://pub-a5e3b47fe87749f491660d68e2029284.r2.dev/ancient-nubia-and-kush.epub
Anglo-Egyptian Sudan,Beatrice Shorts,,https://pub-a5e3b47fe87749f491660d68e2029284.r2.dev/anglo-egyptian-sudan.epub
Applying Ibn Khaldun: The Recovery of a Lost Tradition in Sociology,Alatas,,https://pub-a5e3b47fe87749f491660d68e2029284.r2.dev/applying-ibn-khaldun-the-recovery-of-a-lost-tradition-in-soc.epub
Appraisal of the Development Program of the Sudan Railway,World Bank,appraisal-of-the-development-pr-world-bank.pdf,https://pub-a5e3b47fe87749f491660d68e2029284.r2.dev/appraisal-of-the-development-pr-world-bank.pdf
Appraisal of Trade Potency on Economic Growth in Sudan: New Empirical and Policy Analysis,Sayef Bakari,,https://www.academia.edu/94911921/Appraisal_of_Trade_Potency_on_Economic_Growth_in_Sudan_New_Empirical_and_Policy_Analysis
"Arab Food, Water and the Big Gulf Landgrab that Wasn't",Claire Watson Garcia,,https://pub-a5e3b47fe87749f491660d68e2029284.r2.dev/arab-food-water-and-the-big-gulf-landgrab-that-wasn-t.epub
Archaeological and Architectural Evidence of Social Change in 13th–17th Century Dongola,Włodzimierz Godlewski,archaeological-and-architectura-wlodzimierz-godlewski.pdf,https://pub-a5e3b47fe87749f491660d68e2029284.r2.dev/archaeological-and-architectura-wlodzimierz-godlewski.pdf
Archaeology at Al Khiday: New Insights on Sudan's Ancient Past,Rémy Lentzner,,https://pub-a5e3b47fe87749f491660d68e2029284.r2.dev/archaeology-at-al-khiday-new-insights-on-sudan-s-ancient-pas.epub
Archaeology of Sudan and Nubia,David N. Edwards,,https://www.routledge.com/9780415298995
Architecture and Planning under Different Political Systems,IADPSR,,https://arcpeaceinternational.org/wp-content/uploads/2019/04/Architecture_and_planning_under_different_political_systems.pdf
Architecture in Sudan 1900-2014: An Endeavor Against the Odds,Lee J. Ames,,https://pub-a5e3b47fe87749f491660d68e2029284.r2.dev/architecture-in-sudan-1900-2014-an-endeavor-against-the-odds.epub
Architecture in Sudan: The Post-Independence Era 1956-1970,Leanne McPhee,,https://pub-a5e3b47fe87749f491660d68e2029284.r2.dev/architecture-in-sudan-the-post-independence-era-1956-1970.epub
Are Huge Tree Planting Projects More Hype than Solution?,Beatrice Shorts,,https://pub-a5e3b47fe87749f491660d68e2029284.r2.dev/are-huge-tree-planting-projects-more-hype-than-solution.epub
Art and Industry: The Achievements of Meroe,Donna Kornhaber,,https://pub-a5e3b47fe87749f491660d68e2029284.r2.dev/art-and-industry-the-achievements-of-meroe.epub
Assessing Regional Integration in Africa: Enhancing Intra-African Trade,African Development Bank,assessing-regional-integration-african-development-bank.pdf,https://pub-a5e3b47fe87749f491660d68e2029284.r2.dev/assessing-regional-integration-african-development-bank.pdf
Assessment of Household Food Security and Poverty in the Traditional Rainfed Agriculture of Sudan: The Case of North Kordofan,Mohamed Al-Feel,,https://pub-0c3bb637d5f54b239fe4a4ef9b08bfe3.r2.dev/2014_Assessment_of_the_households_food_s.pdf
Assessment of the Impact of Foreign Direct Investment (FDI) in the Productive Sectors of the Economy of Sudan,Khalid Drras,,https://pub-0c3bb637d5f54b239fe4a4ef9b08bfe3.r2.dev/Assessment_of_the_impact_of_Foreign_Dire.pdf
Automobile Dependency and Economic Development,Todd Alexander Litman,automobile-dependency-and-econo-todd-alexander-litman.pdf,https://pub-a5e3b47fe87749f491660d68e2029284.r2.dev/automobile-dependency-and-econo-todd-alexander-litman.pdf
B 500: The Statue Cache at Meroe,Dean Buonomano,,https://pub-a5e3b47fe87749f491660d68e2029284.r2.dev/b-500-the-statue-cache-at-meroe.epub
Bad Company: How Dark Money Threatens Sudan's Transition,Global Witness,,https://pub-a5e3b47fe87749f491660d68e2029284.r2.dev/bad-company-how-dark-money-threatens-sudan-s-transition.epub
Best Practices for Water Harvesting and Irrigation in Sudan,Elizabeth Blandon,,https://pub-a5e3b47fe87749f491660d68e2029284.r2.dev/best-practices-for-water-harvesting-and-irrigation-in-sudan.epub
Between Kerma and Avaris: The First Kingdom of Kush,Mark Twain,,https://pub-a5e3b47fe87749f491660d68e2029284.r2.dev/between-kerma-and-avaris-the-first-kingdom-of-kush.epub
Between Valorization and Devaluation: World Heritage in Sudan,Peter Sander,,https://pub-a5e3b47fe87749f491660d68e2029284.r2.dev/between-valorization-and-devaluation-world-heritage-in-sudan.epub
Beyond the Riverside: Alternative Sustainable Vision for Khartoum Riverfront,Mark Twain,,https://pub-a5e3b47fe87749f491660d68e2029284.r2.dev/beyond-the-riverside-alternative-sustainable-vision-for-khar.epub
Beyond the Riverside: An Alternative Sustainable Vision for Khartoum Riverfront Development,Ibrahim Zakaria Bahreldin,,https://www.hrpub.org/journals/article_info.php?aid=9200
Bibliography of the Mahdist State in Sudan 1881-1898,Mark Willenbrink; Mary Willenbrink,,https://www.academia.edu/4075679/The_Bibliography_of_the_Mahdist_State_in_the_Sudan_1898_1898
"Black Gold for Blue Gold: Sudan's Oil, Ethiopia's Water and Regional Integration","Grace Gershuny; Deborah, L. Martin",,https://pub-a5e3b47fe87749f491660d68e2029284.r2.dev/black-gold-for-blue-gold-sudan-s-oil-ethiopia-s-water-and-re.epub
Black Kings on the Nile: The Nubian Pharaohs,David A. Price,,https://pub-a5e3b47fe87749f491660d68e2029284.r2.dev/black-kings-on-the-nile-the-nubian-pharaohs.epub
Building Textile Archaeology in Ancient Sudan: The TexMeroe Project,Zander Brumbaugh,,https://pub-a5e3b47fe87749f491660d68e2029284.r2.dev/building-textile-archaeology-ancient-sudan-texmeroe.pdf
By Nile and Tigris: Journeys in Egypt and Mesopotamia,E.A. Wallis Budge,,https://pub-a5e3b47fe87749f491660d68e2029284.r2.dev/by-nile-and-tigris-journeys-in-egypt-and-mesopotamia.epub
Call for Concept Notes: Investing in Rain-Fed Agriculture in Sudan,Abdalla Ahmed Abdalla,,https://pub-a5e3b47fe87749f491660d68e2029284.r2.dev/call-for-concept-notes-investing-in-rain-fed-agriculture-in-.epub
Calling Out to Isis: The Enduring Nubian Isis Cult,Edwin Black,,https://pub-a5e3b47fe87749f491660d68e2029284.r2.dev/calling-out-to-isis-the-enduring-nubian-isis-cult.epub
Can Sudan's New Government Solve the Annual Mass Flooding Crisis?,Khattab Hamad,can-sudan-s-new-government-solv-unknown.pdf,https://pub-a5e3b47fe87749f491660d68e2029284.r2.dev/can-sudan-s-new-government-solv-unknown.pdf
CBD Strategy and Action Plan — Sudan,Government of Sudan,cbd-strategy-and-action-plan-government-of-sudan.pdf,https://pub-a5e3b47fe87749f491660d68e2029284.r2.dev/cbd-strategy-and-action-plan-government-of-sudan.pdf
Challenges of Agricultural Technology Transfer and Productivity Increase in Sudan,Jeff Carlson,,https://pub-a5e3b47fe87749f491660d68e2029284.r2.dev/challenges-agricultural-technology-transfer-sudan.pdf
Challenges to Economic Development in Developing Countries: Case Study of Sudan's Economic Conundrum,Ruby Khan,,https://pub-0c3bb637d5f54b239fe4a4ef9b08bfe3.r2.dev/Challenges_to_Economic_Development_in_De.pdf
Characterization of Urban Agricultural Activities in Khartoum State,Sahar Babiker Ahmed Abdalla,,https://link.springer.com/article/10.1007/s10705-011-9476-7
Christianity in Sudan and Ethiopia,William B. Anderson; Ogbu U. Kalu,,https://repository.up.ac.za/bitstream/handle/2263/21579/005_Chapter4_p075-116.pdf
City Making in Africa: Urban Planning and City Management,Michaela Riva Gaaserud,,https://pub-a5e3b47fe87749f491660d68e2029284.r2.dev/city-making-in-africa-urban-planning-and-city-management.epub
City Making in Africa: Urban Planning and Development,Azza Mustafa Babikir Ahmed,,https://www.academia.edu/93221616/City_making_in_Africa_Urban_planning_and_the_reconfiguration_of_Tuti_Island_Khartoum_Sudan
Clothing the Elite: Textile Production and Consumption in Ancient Sudan and Nubia,Lewis Hill; Leonard Perry,,https://pub-a5e3b47fe87749f491660d68e2029284.r2.dev/clothing-elite-textile-production-ancient-sudan.pdf
Colonial Moral Economy and the Discipline of Development: The Gezira Scheme,Leslie Bilderback,,https://pub-a5e3b47fe87749f491660d68e2029284.r2.dev/colonial-moral-economy-and-the-discipline-of-development-the.epub
Consolidating Sudan's Transition: A Question of Legitimacy,International Crisis Group,,https://pub-a5e3b47fe87749f491660d68e2029284.r2.dev/consolidating-sudan-s-transition-a-question-of-legitimacy.epub
Continuation of the National Emergency With Respect to Sudan 2023,U.S. Government,,https://pub-a5e3b47fe87749f491660d68e2029284.r2.dev/continuation-of-the-national-emergency-with-respect-to-sudan.epub
Corruption and Anti-Corruption in Sudan,Kaunain Rahman (Transparency International),corruption-and-anti-corruption-unknown.pdf,https://pub-a5e3b47fe87749f491660d68e2029284.r2.dev/corruption-and-anti-corruption-unknown.pdf
Cotton Export Performance and Constraints in Sudan,Imad Yousif,,https://pub-a5e3b47fe87749f491660d68e2029284.r2.dev/cotton-export-performance-constraints-sudan.pdf
Cotton in Ancient Sudan and Nubia: Archaeological Sources,Edwin Black,,https://pub-a5e3b47fe87749f491660d68e2029284.r2.dev/cotton-in-ancient-sudan-and-nubia-archaeological-sources.epub
Could the Nile Dispute Be an Opportunity to Boost Freshwater Technology?,Addisu Lashitew; Haim Kassa Gebeyehu (Brookings),,https://www.brookings.edu/articles/could-the-nile-dispute-be-an-opportunity-to-boost-freshwater-technology/
Country Profiles: Sudan,UN Economic Commission for Africa,country-profiles-sudan-un-economic-commission-for-afri.pdf,https://pub-a5e3b47fe87749f491660d68e2029284.r2.dev/country-profiles-sudan-un-economic-commission-for-afri.pdf
Country Reports on Human Rights Practices for 2017: Sudan,U.S. Department of State,,https://pub-a5e3b47fe87749f491660d68e2029284.r2.dev/country-reports-on-human-rights-practices-for-2017-sudan.epub
Crops and Wildlife in Sudan,Alan Pearce,,https://pub-a5e3b47fe87749f491660d68e2029284.r2.dev/crops-and-wildlife-in-sudan.epub
Cultivating an Arid Landscape: Archaeology of Ancient Sudan,Freda McManus; Gillian Butler,,https://pub-a5e3b47fe87749f491660d68e2029284.r2.dev/cultivating-an-arid-landscape-archaeology-of-ancient-sudan.epub
Current Status of Agriculture and Future Challenges in Sudan,Abdalla Ahmed Abdalla,,https://pub-a5e3b47fe87749f491660d68e2029284.r2.dev/current-status-of-agriculture-and-future-challenges-in-sudan.epub
Current Status of Agriculture and Future Challenges in Sudan,Unknown,,https://pub-a5e3b47fe87749f491660d68e2029284.r2.dev/current-status-agriculture-future-challenges-sudan.pdf
Darfur Infrastructure Development Report 2017,Krishnendu Chaudhury,,https://pub-a5e3b47fe87749f491660d68e2029284.r2.dev/darfur-infrastructure-development-report-2017.epub
DARFUR: Historical and Contemporary Aspects,Beatrice Shorts,,https://pub-a5e3b47fe87749f491660d68e2029284.r2.dev/darfur-historical-and-contemporary-aspects.epub
Desert Legions: Rome's Campaigns along the Nile,Allan MacGregor,,https://pub-a5e3b47fe87749f491660d68e2029284.r2.dev/desert-legions-rome-s-campaigns-along-the-nile.epub
Development Economics in Sudan: The Ten Year Economic and Social Plan,Iman Sharif,,https://pub-a5e3b47fe87749f491660d68e2029284.r2.dev/development-economics-sudan-ten-year-plan.pdf
Digital Logistics Capacity Assessments,World Bank / UNCTAD,digital-logistics-capacity-asse-unknown.pdf,https://pub-a5e3b47fe87749f491660d68e2029284.r2.dev/digital-logistics-capacity-asse-unknown.pdf
Distortions to Agricultural Incentives in Sudan,Hamid Faki; Abdelmoneim Taha,distortions-to-agricultural-inc-hamid-faki-abdelmoneim-taha.pdf,https://pub-a5e3b47fe87749f491660d68e2029284.r2.dev/distortions-to-agricultural-inc-hamid-faki-abdelmoneim-taha.pdf
Does Foreign Aid Promote Economic Growth in Sudan? Evidence from ARDL Bounds Testing Analysis,"Mohammed Elhaj Mustafa Ali, Manal Mahagoub Elshakh, Ebaidalla Mahjoub Ebaidalla",,https://pub-a5e3b47fe87749f491660d68e2029284.r2.dev/erf-foreign-aid-growth-sudan.pdf
Doing Business 2020: Sudan Economy Profile,World Bank,,https://pub-a5e3b47fe87749f491660d68e2029284.r2.dev/doing-business-2020-sudan-economy-profile.epub
Doing Business in Sudan 2017,World Bank,,https://pub-a5e3b47fe87749f491660d68e2029284.r2.dev/doing-business-in-sudan-2017.epub
Dongola Guide Book,Nubian Archaeological Development Organization,dongola-guide-book-nubian-archaeological-developme.pdf,https://pub-a5e3b47fe87749f491660d68e2029284.r2.dev/dongola-guide-book-nubian-archaeological-developme.pdf
"Dongola Reach: A Historical, Geographical and Economic Overview",Mahmoud El-Tayeb,dongola-reach-a-historical-geog-mahmoudel-tayeb.pdf,https://pub-a5e3b47fe87749f491660d68e2029284.r2.dev/dongola-reach-a-historical-geog-mahmoudel-tayeb.pdf
Eastern African Country Profiles: Sudan,UN Economic Commission for Africa,eastern-african-country-profile-un-economic-commission-for-afri.pdf,https://pub-a5e3b47fe87749f491660d68e2029284.r2.dev/eastern-african-country-profile-un-economic-commission-for-afri.pdf
Eastern Desert Ware: Traces of the Inhabitants of the Eastern Desert,Clive Thompson,,https://pub-a5e3b47fe87749f491660d68e2029284.r2.dev/eastern-desert-ware-traces-of-the-inhabitants-of-the-eastern.epub
Eastern Sudan in Its Setting: Archaeology of a Region Far From the Nile Valley,Cathy Whitlock; Art Directors Guid,,https://pub-a5e3b47fe87749f491660d68e2029284.r2.dev/eastern-sudan-in-its-setting-archaeology-of-a-region-far-fro.epub
Economic Development Challenges in Sudan and the Need for Skill Upgrading and Technological Development,"Mohamed Nour, S.",,https://link.springer.com/book/10.1007/978-3-642-32811-4
Effect of Oil Revenue and the Sudan Economy: Econometric Model for Services Sector GDP,Hassan and Abdullah,,https://www.sciencedirect.com/science/article/pii/S187704281500395X
Egypt's Role in the Events of 701 B.C. in Jerusalem,Michaela Riva Gaaserud,,https://pub-a5e3b47fe87749f491660d68e2029284.r2.dev/egypt-s-role-in-the-events-of-701-b-c-in-jerusalem.epub
Encyclopedia of the Peoples of Africa and the Middle East,Catherine Saxelby,,https://pub-a5e3b47fe87749f491660d68e2029284.r2.dev/encyclopedia-of-the-peoples-of-africa-and-the-middle-east.epub
Entanglement and the Formation of the Ancient Nubian Napatan State,Lewis Hill; Leonard Perry,,https://pub-a5e3b47fe87749f491660d68e2029284.r2.dev/entanglement-and-the-formation-of-the-ancient-nubian-napatan.epub
Episodes in the Mathematics of Medieval Islam,Berggren,,https://pub-a5e3b47fe87749f491660d68e2029284.r2.dev/episodes-in-the-mathematics-of-medieval-islam.epub
Estimating High-Resolution Red Sea Surface Temperature Hotspots,Arnab Hazra; Raphaël Huser,estimating-high-resolution-red-unknown.pdf,https://pub-a5e3b47fe87749f491660d68e2029284.r2.dev/estimating-high-resolution-red-unknown.pdf
Estimating Red Sea Surface Temperature Hotspots Using Semiparametric Spatial Model,Lewis Hill; Leonard Perry,,https://pub-a5e3b47fe87749f491660d68e2029284.r2.dev/estimating-red-sea-surface-temperature-hotspots-using-semipa.epub
Evaluating Nubian Population Structure from Cranial Nonmetric Traits,David Kessler,,https://pub-a5e3b47fe87749f491660d68e2029284.r2.dev/evaluating-nubian-population-structure-from-cranial-nonmetri.epub
Evaluation of Foreign Aid from China on Sudan's Economic Development Process,"Adam Hessain Yagoob, Hadia Adam, Ting Zuo",,https://pub-0c3bb637d5f54b239fe4a4ef9b08bfe3.r2.dev/ssrn-2712824.pdf
"Evaluation of Some Orchards Management Practice under River Nile State, Sudan",Mahasin A. Daffall,evaluation-of-some-orchards-man-mahasin-a-daffall.pdf,https://pub-a5e3b47fe87749f491660d68e2029284.r2.dev/evaluation-of-some-orchards-man-mahasin-a-daffall.pdf
Evidence for an Early Nubian Dialect in Meroitic Inscriptions,J. E. Cirlot,,https://pub-a5e3b47fe87749f491660d68e2029284.r2.dev/evidence-for-an-early-nubian-dialect-in-meroitic-inscription.epub
Evolution and Changes in Sudanese Cities,Allan MacGregor,,https://pub-a5e3b47fe87749f491660d68e2029284.r2.dev/evolution-and-changes-in-sudanese-cities.epub
Explaining Sudan's Economic Growth Performance,"Grace Gershuny; Deborah, L. Martin",,https://pub-a5e3b47fe87749f491660d68e2029284.r2.dev/explaining-sudan-s-economic-growth-performance.epub
"External Debt of Sudan, Position with Heavily Indebted Poor Countries (HIPC) Initiative and the Impact of Exchange Rate & Inflation Rate After the Independence of South Sudan (2010-2017)",Gosay Baba,,https://pub-0c3bb637d5f54b239fe4a4ef9b08bfe3.r2.dev/External_Debt_of_Sudan_Position_with_Hea.pdf
FAO Technical Consultation on GMOs in Internationally Traded Food Crops,FAO,fao-technical-consultation-on-g-food.pdf,https://pub-a5e3b47fe87749f491660d68e2029284.r2.dev/fao-technical-consultation-on-g-food.pdf
Farmers in Sudan Battle Climate Change and Environmental Sustainability,CGIAR,farmers-in-sudan-battle-climate-unknown.pdf,https://pub-a5e3b47fe87749f491660d68e2029284.r2.dev/farmers-in-sudan-battle-climate-unknown.pdf
Feasibility Study: Block 14 Gold Project Sudan,Michaela Riva Gaaserud,,https://pub-a5e3b47fe87749f491660d68e2029284.r2.dev/feasibility-study-block-14-gold-project-sudan.epub
"Feasibility Study: Block 14 Gold Project, Sudan",Carla Kaboth,feasibility-study-block-14-gold-carla-kaboth.pdf,https://pub-a5e3b47fe87749f491660d68e2029284.r2.dev/feasibility-study-block-14-gold-carla-kaboth.pdf
Financial Development and Economic Growth in Sudan: Empirical Assessment Based on an Application of the ARDL Model,Unknown,,https://pub-0c3bb637d5f54b239fe4a4ef9b08bfe3.r2.dev/Financial_Development_and_Economic_Growt.pdf
Fire and Sword in the Sudan,Rudolf Slatin,,https://pub-a5e3b47fe87749f491660d68e2029284.r2.dev/fire-and-sword-in-the-sudan.epub
First Nationally Determined Contribution under the Paris Agreement,Government of Sudan,first-nationally-determined-con-government-of-sudan.pdf,https://pub-a5e3b47fe87749f491660d68e2029284.r2.dev/first-nationally-determined-con-government-of-sudan.pdf
"Fiscal Adjustment in Sudan: Size, Speed, and Composition","Kenji Moriyama, S. M. Ali Abbas, Abdul Naseer",,https://pub-a5e3b47fe87749f491660d68e2029284.r2.dev/fiscal-adjustment-sudan-size-speed-composition.pdf
Flood Control Projects: Reducing Flood Risk in Sudan,Jeff Carlson,,https://pub-a5e3b47fe87749f491660d68e2029284.r2.dev/flood-control-projects-reducing-flood-risk-in-sudan.epub
Following O.G.S. Crawford: Satellite Images and Sudanese Archaeology,Jacqueline Winders,,https://pub-a5e3b47fe87749f491660d68e2029284.r2.dev/following-o-g-s-crawford-satellite-images-and-sudanese-archa.epub
"Food, Poverty and Vulnerability Index for the Nile Basin Region 2009",Freda McManus; Gillian Butler,,https://pub-a5e3b47fe87749f491660d68e2029284.r2.dev/food-poverty-and-vulnerability-index-for-the-nile-basin-regi.epub
Food-Poverty-Vulnerability Index Analysis for the Nile Basin Region: Sudan,IFPRI,food-poverty-vulnerability-inde-unknown.pdf,https://pub-a5e3b47fe87749f491660d68e2029284.r2.dev/food-poverty-vulnerability-inde-unknown.pdf
Foreign Trade Barriers,Office of the US Trade Representative,foreign-trade-barriers-ambassador-katherine-tai.pdf,https://pub-a5e3b47fe87749f491660d68e2029284.r2.dev/foreign-trade-barriers-ambassador-katherine-tai.pdf
From Beyond the Rivers of Cush: Cushite-Israelite Interrelations,Donna Kornhaber,,https://pub-a5e3b47fe87749f491660d68e2029284.r2.dev/from-beyond-the-rivers-of-cush-cushite-israelite-interrelati.epub
From Faras to Soba,Henryk Paner; Artur Obluski,,https://pcma.uw.edu.pl/en/2022/08/23/book-from-faras/
From Subsidy to Sustainability: Diagnostic Review of Sudan's Electricity Sector,World Bank (Kenta Usui et al.),,https://pub-a5e3b47fe87749f491660d68e2029284.r2.dev/wb-electricity-sector-2019.pdf
From Subsidy to Sustainability: Sudan's Electricity Sector,Galit Shmueli; Peter C. Bruce; Peter Gedeck; Nitin R. Patel,,https://pub-a5e3b47fe87749f491660d68e2029284.r2.dev/from-subsidy-to-sustainability-sudan-s-electricity-sector.epub
From the Sea to the Deserts and Back: New Research in Eastern Sudan,Mark Twain,,https://pub-a5e3b47fe87749f491660d68e2029284.r2.dev/from-the-sea-to-the-deserts-and-back-new-research-in-eastern.epub
Funerary Traditions in Nubian Early Makuria,DPT Collective; Marc de Bruijn; Liz Castro; Florian Cramer; Joost Kircz; Silvio Lorusso; Michael Murtaugh; Pia Pol; Miriam Rasch; Margreet Riphagen,,https://pub-a5e3b47fe87749f491660d68e2029284.r2.dev/funerary-traditions-in-nubian-early-makuria.epub
Gold Mining Concessions in Sudan's Written Laws and Practices in the Nuba Mountains,Saumya Brata Dutt,,https://pub-a5e3b47fe87749f491660d68e2029284.r2.dev/gold-mining-concessions-sudan-nuba-mountains.pdf
Good Governance and the Policy Challenge: The African Development Bank Perspective,Abdalla Hamdok,,https://pub-a5e3b47fe87749f491660d68e2029284.r2.dev/good-governance-and-the-policy-challenge-the-african-develop.epub
Governance and Policy in Africa,Abdalla Hamdok,,https://www.academia.edu/14483433/The_new_frontier_of_governance_in_Africa
Governance in Africa: The Role for Information and Communication Technologies,Olugbenga Adesida (UNECA),working-paper-65-governance-i-olugbenga-adesida.pdf,https://pub-a5e3b47fe87749f491660d68e2029284.r2.dev/working-paper-65-governance-i-olugbenga-adesida.pdf
Governor-General Reports (Durham Sudan Archive digitized series),Sudan Government,,https://libguides.durham.ac.uk/asc-sudan-archive/ggrs
Greenlaws: Suakin and the Limits of Architecture,Jacqueline Winders,,https://pub-a5e3b47fe87749f491660d68e2029284.r2.dev/greenlaws-suakin-and-the-limits-of-architecture.epub
Hamadab: Urban Living at the Nile in Meroitic Times,Michaela Riva Gaaserud,,https://pub-a5e3b47fe87749f491660d68e2029284.r2.dev/hamadab-urban-living-at-the-nile-in-meroitic-times.epub
Health and Economic Growth in Sudan: Cointegration and Granger Causality Analysis (1969-2015),Elwasila S. E. M.,,https://pub-0c3bb637d5f54b239fe4a4ef9b08bfe3.r2.dev/Health_and_economic_growth_in_Sudan_Coin.pdf
Histoire et Civilisations du Soudan,Allan MacGregor,,https://pub-a5e3b47fe87749f491660d68e2029284.r2.dev/histoire-et-civilisations-du-soudan.epub
History of Kush: An Outline,DPT Collective; Marc de Bruijn; Liz Castro; Florian Cramer; Joost Kircz; Silvio Lorusso; Michael Murtaugh; Pia Pol; Miriam Rasch; Margreet Riphagen,,https://pub-a5e3b47fe87749f491660d68e2029284.r2.dev/history-of-kush-an-outline.epub
History of Sudan,Naum Shoucair; E. Abu Salim,,https://pub-a5e3b47fe87749f491660d68e2029284.r2.dev/history-of-sudan-naum-shoucair.pdf
How Africa Can Feed Its People and Create Wealth,Abdalla Hamdok,how-africa-can-feed-its-people-abdalla-hamdok.pdf,https://pub-a5e3b47fe87749f491660d68e2029284.r2.dev/how-africa-can-feed-its-people-abdalla-hamdok.pdf
How Greek Science Passed to the Arabs,De Lacy O'Leary,,https://pub-a5e3b47fe87749f491660d68e2029284.r2.dev/how-greek-science-passed-to-the-arabs.epub
How Sudan is Saving its Water Sector,A. C. Grayling,,https://pub-a5e3b47fe87749f491660d68e2029284.r2.dev/how-sudan-is-saving-its-water-sector.epub
Hydrology of the Nile,Zbigniew W. Kundzewicz,,https://link.springer.com/chapter/10.1007/978-1-4020-9726-3_17
Ijtihad and Islamic Law Reform in Sudan,Alan Pearce,,https://pub-a5e3b47fe87749f491660d68e2029284.r2.dev/ijtihad-and-islamic-law-reform-in-sudan.epub
Ijtihad in Islamic Law,Alan Pearce,,https://pub-a5e3b47fe87749f491660d68e2029284.r2.dev/ijtihad-in-islamic-law.epub
Illuminating the Nubian Dark Age: Bioarchaeology of the Napatan Period,Michaela Riva Gaaserud,,https://pub-a5e3b47fe87749f491660d68e2029284.r2.dev/illuminating-the-nubian-dark-age-bioarchaeology-of-the-napat.epub
Impact of Changing Policies on Agricultural Productivity: The Gezira Scheme,David Kessler,,https://pub-a5e3b47fe87749f491660d68e2029284.r2.dev/impact-changing-policies-agricultural-productivity-gezira.pdf
Impact of Debt Restructuring on Economic Growth in Sudan: A Review Paper,Iman E. F. Sharif,,https://pub-0c3bb637d5f54b239fe4a4ef9b08bfe3.r2.dev/Impact_of_debt_restructuring_on_economic.pdf
Impact of Exchange Rate Reforms on Sudan's Economy: Applied General Equilibrium Analysis,Azharia Elbushra,,https://www.academia.edu/52496799/Impact_of_exchange_rate_reforms_on_Sudans_economy_Applied_general_equilibrium_analysis
Imperial Extraction at Gebel el-Silsila,Catherine Saxelby,,https://pub-a5e3b47fe87749f491660d68e2029284.r2.dev/imperial-extraction-at-gebel-el-silsila.epub
Implementation of Istanbul Plan of Action for Least Developed Countries 2011–2020,UN-OHRLLS,implementation-of-istanbul-plan-united-nations-office-of-the-hi.pdf,https://pub-a5e3b47fe87749f491660d68e2029284.r2.dev/implementation-of-istanbul-plan-united-nations-office-of-the-hi.pdf
Industrial Location Analysis of Sudan,Khalid Idris,,https://pub-a5e3b47fe87749f491660d68e2029284.r2.dev/industrial-location-analysis-sudan.pdf
Industrialization in Iran: Lessons for Developing Economies,Allan MacGregor,,https://pub-a5e3b47fe87749f491660d68e2029284.r2.dev/industrialization-in-iran-lessons-for-developing-economies.epub
Inequalities in Human Development in the 21st Century,Seockhwan Bryce Hwang,,https://hdr.undp.org/content/human-development-report-2019
Information Note on the African Integrated High-Speed Railway Network,African Union,information-note-on-the-african-african-union.pdf,https://pub-a5e3b47fe87749f491660d68e2029284.r2.dev/information-note-on-the-african-african-union.pdf
Innovative Financing for the Economic Transformation of Africa,African Development Bank,innovative-financing-for-the-ec-unknown.pdf,https://pub-a5e3b47fe87749f491660d68e2029284.r2.dev/innovative-financing-for-the-ec-unknown.pdf
Institutional Quality and Economic Performance: New Evidence from Sudan,Sufian Abdel-Gadir,,https://pub-0c3bb637d5f54b239fe4a4ef9b08bfe3.r2.dev/ssrn-3686969.pdf
"Integration Between Cattle Markets in the Sudan, 1980-2000",Mohamed Bushara,,https://pub-0c3bb637d5f54b239fe4a4ef9b08bfe3.r2.dev/Integration_between_cattle_markets_in_th.pdf
"Intensive Harvesting Menaces Trees in Abu Gadaf Natural Reserved Forest, Sudan",El Mugheira Research Team,,https://www.researchgate.net/publication/376797192_Intensive_harvesting_menaces_trees_producing_fodder_edible_fruit_and_gum_in_Abu_Gadaf_natural_reserved_forest_Sudan
Introducing the Sudan Labor Market Panel Survey 2022,Ragui Assaad,,https://pub-0c3bb637d5f54b239fe4a4ef9b08bfe3.r2.dev/INTRODUCING_THE_SUDAN_LABOR_MARKET_PANEL.pdf
Investment Policy Review of the Sudan,UNCTAD,investment-policy-review-of-the-unctad.pdf,https://pub-a5e3b47fe87749f491660d68e2029284.r2.dev/investment-policy-review-of-the-unctad.pdf
Investment Policy Review: Sudan,UNCTAD,,https://pub-a5e3b47fe87749f491660d68e2029284.r2.dev/investment-policy-review-sudan.epub
Iranian Economy in the Twentieth Century: A Global Perspective,George MacDonald Fraser,,https://pub-a5e3b47fe87749f491660d68e2029284.r2.dev/iranian-economy-in-the-twentieth-century-a-global-perspectiv.epub
Irrigation Management in the Sudan,Allan MacGregor,,https://pub-a5e3b47fe87749f491660d68e2029284.r2.dev/irrigation-management-in-the-sudan.epub
Is Agroforestry a Solution to Food Insecurity in Sudan?,Cathy Whitlock; Art Directors Guid,,https://pub-a5e3b47fe87749f491660d68e2029284.r2.dev/is-agroforestry-a-solution-to-food-insecurity-in-sudan.epub
Islamic Banking in Sudan: A Case Study of the Sudanese Islamic Bank,Muhammad Al-Hashimi,,https://pub-0c3bb637d5f54b239fe4a4ef9b08bfe3.r2.dev/Islamic_Banking_in_Sudan_A_Case_Study_of.pdf
"Island of Meroe, Sudan",Alan Pearce,,https://pub-a5e3b47fe87749f491660d68e2029284.r2.dev/island-of-meroe-sudan.epub
It is Possible to Increase by Over Thirty Per Cent the Nile Water Availability,Guillaume Lempérière,it-is-possible-to-increase-by-o-guillaume-lemperiere.pdf,https://pub-a5e3b47fe87749f491660d68e2029284.r2.dev/it-is-possible-to-increase-by-o-guillaume-lemperiere.pdf
Journeys to the Other Shore: Muslim and Western Travelers in Search of Knowledge,Euben,,https://pub-a5e3b47fe87749f491660d68e2029284.r2.dev/journeys-to-the-other-shore-muslim-and-western-travelers-in-.epub
Kandake - Wikipedia,Wikipedia Contributors,,https://pub-a5e3b47fe87749f491660d68e2029284.r2.dev/kandake-wikipedia.pdf
KARANOG: The Meroitic Inscriptions of Shablul and Karanog,"Grace Gershuny; Deborah, L. Martin",,https://pub-a5e3b47fe87749f491660d68e2029284.r2.dev/karanog-the-meroitic-inscriptions-of-shablul-and-karanog.epub
Karanog: The Romano-Nubian Cemetery,Leonard Woolley,karanog-the-romano-nubian-cem-leonard-woolley.pdf,https://pub-a5e3b47fe87749f491660d68e2029284.r2.dev/karanog-the-romano-nubian-cem-leonard-woolley.pdf
Karanog: The Town,Annelise Hagen,,https://pub-a5e3b47fe87749f491660d68e2029284.r2.dev/karanog-the-town.epub
Kerma et Meroe: Five Lectures on the History of the Sudan,Donna Kornhaber,,https://pub-a5e3b47fe87749f491660d68e2029284.r2.dev/kerma-et-meroe-five-lectures-on-the-history-of-the-sudan.epub
Kerma et Méroé: Cinq siècles de civilisation soudanaise,Mark Twain,,https://pub-a5e3b47fe87749f491660d68e2029284.r2.dev/kerma-et-m-ro-cinq-si-cles-de-civilisation-soudanaise.epub
Khartoum 2030: Towards an Environmentally Sustainable City,George MacDonald Fraser,,https://pub-a5e3b47fe87749f491660d68e2029284.r2.dev/khartoum-2030-towards-an-environmentally-sustainable-city.epub
Khartoum Sky Trains Network: Implementing the Caterpillar Trains Concept in Khartoum,Mohammed Mohammed A. et al.,,https://www.matec-conferences.org/articles/matecconf/abs/2020/04/matecconf_ictte2019_02003/matecconf_ictte2019_02003.html
Khartoum Sky Trains: Implementing Caterpillar Trains in Khartoum,Beatrice Shorts,,https://pub-a5e3b47fe87749f491660d68e2029284.r2.dev/khartoum-sky-trains-implementing-caterpillar-trains-in-khart.epub
Khartoum Urban Area: A Study on Urban Planning,Gamal M. Hamid,khartoum-urban-area-a-study-on-unknown.pdf,https://pub-a5e3b47fe87749f491660d68e2029284.r2.dev/khartoum-urban-area-a-study-on-unknown.pdf
King Silko and the Roots of Nubian Christianity,Declan McHugh,,https://pub-a5e3b47fe87749f491660d68e2029284.r2.dev/king-silko-and-the-roots-of-nubian-christianity.epub
Kingdom and Civilization of Kush and North Africa,Mark Twain,,https://pub-a5e3b47fe87749f491660d68e2029284.r2.dev/kingdom-and-civilization-of-kush-and-north-africa.epub
Kingdom of Kush: Students Worksheets,Laszlo Bock,,https://pub-a5e3b47fe87749f491660d68e2029284.r2.dev/kingdom-of-kush-students-worksheets.epub
Kush: The Forgotten Empire,Kelly Cable,,https://pub-a5e3b47fe87749f491660d68e2029284.r2.dev/kush-the-forgotten-empire.epub
Lance Corporal William Henry Cecil Jackson,Commonwealth War Graves Commission,lance-corporal-william-henry-ce-unknown.pdf,https://pub-a5e3b47fe87749f491660d68e2029284.r2.dev/lance-corporal-william-henry-ce-unknown.pdf
Land Use Patterns along the Nile: Traveling Farmer,Nile Basin Initiative,land-use-patterns-along-the-nil-unknown.pdf,https://pub-a5e3b47fe87749f491660d68e2029284.r2.dev/land-use-patterns-along-the-nil-unknown.pdf
Laws of the New Sudan: The Penal Code 2003,Government of South Sudan,,https://pub-a5e3b47fe87749f491660d68e2029284.r2.dev/laws-of-the-new-sudan-the-penal-code-2003.epub
Light from the East: How the Science of Medieval Islam Shaped the Western World,John Freely,,https://pub-a5e3b47fe87749f491660d68e2029284.r2.dev/light-from-the-east-how-the-science-of-medieval-islam-shaped.epub
Living Outside the Wall: The Quarter of Walled Cities,Maciej Wyżgoł,living-outside-the-wall-the-qu-maciej-wyzgol.pdf,https://pub-a5e3b47fe87749f491660d68e2029284.r2.dev/living-outside-the-wall-the-qu-maciej-wyzgol.pdf
Living Outside the Wall: The Quarter of Western Strangers in Khartoum,Frank Ryan,,https://pub-a5e3b47fe87749f491660d68e2029284.r2.dev/living-outside-the-wall-the-quarter-of-western-strangers-in-.epub
Lost Nubia: A Centennial Exhibit from the Breasted Expeditions,Catherine Saxelby,,https://pub-a5e3b47fe87749f491660d68e2029284.r2.dev/lost-nubia-a-centennial-exhibit-from-the-breasted-expedition.epub
Lost Nubia: A Centennial Exhibit of Photographs,John Swanson,,https://pub-a5e3b47fe87749f491660d68e2029284.r2.dev/lost-nubia-a-centennial-exhibit-of-photographs.epub
Lost Nubia: A Centennial Exhibit of Photographs from the 1905–1907 Egyptian Expedition of the University of Chicago,John A. Larson,,https://isac.uchicago.edu/sites/default/files/uploads/shared/docs/oimp24.pdf
Lost Port of the Red Sea: Ancient Sudanese Maritime Trade,Guy McKinnon,,https://pub-a5e3b47fe87749f491660d68e2029284.r2.dev/lost-port-of-the-red-sea-ancient-sudanese-maritime-trade.epub
Macroeconomic Management and the Black Market for Foreign Exchange in Sudan,Ibrahim Elbadawi,,https://www.academia.edu/102062816/Macroeconomic_Management_and_the_Black_Market_for_Foreign_Exchange_In_Sudan
Macroeconomic Policies for Poverty Reduction: The Case of Sudan,Matias Vernengo,,https://www.academia.edu/22238063/Macroeconomic_Policies_For_Poverty_Reduction_The_Case_Of_Sudan
Magic Squares in the Tenth Century,Jacques Sesiano,,https://link.springer.com/book/10.1007/978-3-319-52114-5
Mahmoud Mohammed Taha and Republican Islamic Thought,Lewis Hill; Leonard Perry,,https://pub-a5e3b47fe87749f491660d68e2029284.r2.dev/mahmoud-mohammed-taha-and-republican-islamic-thought.epub
Mahmoud Mohammed Taha and the Crisis in Islamic Law Reform,Jacqueline Winders,,https://pub-a5e3b47fe87749f491660d68e2029284.r2.dev/mahmoud-mohammed-taha-and-the-crisis-in-islamic-law-reform.epub
Mahmoud Mohammed Taha: Islamic Reformer,Andy Harris,,https://pub-a5e3b47fe87749f491660d68e2029284.r2.dev/mahmoud-mohammed-taha-islamic-reformer.epub
Managing Conflict Over Natural Resources in Greater Kordofan,Janine Toole Phd,,https://pub-a5e3b47fe87749f491660d68e2029284.r2.dev/managing-conflict-over-natural-resources-in-greater-kordofan.epub
Mancala Games at the Pyramids of Meroe,Beatrice Shorts,,https://pub-a5e3b47fe87749f491660d68e2029284.r2.dev/mancala-games-at-the-pyramids-of-meroe.epub
"Master Architects of Ancient Nubia: Space, Structure and Landscape",James Watkins,,https://pub-a5e3b47fe87749f491660d68e2029284.r2.dev/master-architects-of-ancient-nubia-space-structure-and-lands.epub
"Mechanisation, Employment and Productivity in Sudanese Agriculture",J. Adams et al.,,https://www.sciencedirect.com/science/article/abs/pii/0304387884900774
Meroe and the Sudanic Kingdoms,Beatrice Shorts,,https://pub-a5e3b47fe87749f491660d68e2029284.r2.dev/meroe-and-the-sudanic-kingdoms.epub
Meroe: A Civilization of the Sudan,Donna Kornhaber,,https://pub-a5e3b47fe87749f491660d68e2029284.r2.dev/meroe-a-civilization-of-the-sudan.epub
"MEROE: The City State, the Kingdom, the Empire",Beatrice Shorts,,https://pub-a5e3b47fe87749f491660d68e2029284.r2.dev/meroe-the-city-state-the-kingdom-the-empire.epub
Meroitic Royal Chronology: The Conflict with Rome and Its Aftermath,Annelise Hagen,,https://pub-a5e3b47fe87749f491660d68e2029284.r2.dev/meroitic-royal-chronology-the-conflict-with-rome-and-its-aft.epub
Mesolithic Site Formation and Palaeoenvironment along the White Nile,"Grace Gershuny; Deborah, L. Martin",,https://pub-a5e3b47fe87749f491660d68e2029284.r2.dev/mesolithic-site-formation-and-palaeoenvironment-along-the-wh.epub
Minerals Potential and Resources in Sudan,Yousif Elsamani,,https://unctad.org/meetings/en/Presentation/17OILGASMINE%20Dr%20Yousif%20Elsamani%20S1.pdf
Miniature Pyramids of Sudan,Albert Camus,,https://pub-a5e3b47fe87749f491660d68e2029284.r2.dev/miniature-pyramids-of-sudan.epub
Modeling the Determinants of Inflation in Sudan Using Generalized Method of Moments for the Period 2000-2017,Almahdi Musa,,https://pub-0c3bb637d5f54b239fe4a4ef9b08bfe3.r2.dev/Modeling_the_Determinants_of_Inflation_i.pdf
Modeling the Impact of Islamic Finance on Macroeconomic Variables in Sudan,Issam Jawadi; Okbah Abdellawi; Fawzi Mhireque,,https://pub-0c3bb637d5f54b239fe4a4ef9b08bfe3.r2.dev/Modeling_the_impact_of_Islamic_finance_o.pdf
Modelling the Sources and Impact of Macroeconomic Fluctuations in Sudan,Suliman Zakaria Suliman Abdalla,,https://pub-0c3bb637d5f54b239fe4a4ef9b08bfe3.r2.dev/Modelling_the_Sources_and_Impact_of_Macr.pdf
"Money Supply, Income and Prices in Sudan","Mohamed A. Osman, Issam A.W. Mohamed",,https://pub-0c3bb637d5f54b239fe4a4ef9b08bfe3.r2.dev/ssrn-2539075.pdf
Moses and the Kushite Connection,Beatrice Shorts,,https://pub-a5e3b47fe87749f491660d68e2029284.r2.dev/moses-and-the-kushite-connection.epub
Muhammad Ali's Conquest of Sudan 1820-1824,Krishnendu Chaudhury,,https://pub-a5e3b47fe87749f491660d68e2029284.r2.dev/muhammad-ali-conquest-sudan-1820-1824.pdf
Native Administration in Dar Humr: Tribal Society and Shifting Leadership,Michaela Riva Gaaserud,,https://pub-a5e3b47fe87749f491660d68e2029284.r2.dev/native-administration-in-dar-humr-tribal-society-and-shiftin.epub
New Frontiers of Arabic Papyrology,Bouderbala et al.,,https://pub-a5e3b47fe87749f491660d68e2029284.r2.dev/new-frontiers-of-arabic-papyrology.epub
Nile Basin Farming Systems and Productivity,Nile Basin Initiative,nile-basin-farming-systems-and-nile-basin-initiative.pdf,https://pub-a5e3b47fe87749f491660d68e2029284.r2.dev/nile-basin-farming-systems-and-nile-basin-initiative.pdf
Nile Basin Initiative,Nile Basin Initiative Secretariat,nile-basin-initiative-nile-basin-initiative-secretari.pdf,https://pub-a5e3b47fe87749f491660d68e2029284.r2.dev/nile-basin-initiative-nile-basin-initiative-secretari.pdf
"Nile Basin Neolithic: Parts 1, 2 and 3",Danny Proulx,,https://pub-a5e3b47fe87749f491660d68e2029284.r2.dev/nile-basin-neolithic-parts-1-2-and-3.epub
Nile Magazine Issue 13 April-May 2018,Nile Magazine,,https://pub-a5e3b47fe87749f491660d68e2029284.r2.dev/nile-magazine-issue-13-april-may-2018.epub
"Nile Water and Agriculture: Past, Present and Future",World Bank,nile-water-and-agriculture-past-world-bank.pdf,https://pub-a5e3b47fe87749f491660d68e2029284.r2.dev/nile-water-and-agriculture-past-world-bank.pdf
Northern Sudan and the Perception of Their Christian Legacy,Jeff Carlson,,https://pub-a5e3b47fe87749f491660d68e2029284.r2.dev/northern-sudan-and-the-perception-of-their-christian-legacy.epub
Nubia and Egypt 1000 BC to 400 AD: From Prehistory to the Meroitic Period,Evo1,,https://pub-a5e3b47fe87749f491660d68e2029284.r2.dev/nubia-and-egypt-1000-bc-to-400-ad-from-prehistory-to-the-mer.epub
Nubia and the Museumization of a Culture,James Watkins,,https://pub-a5e3b47fe87749f491660d68e2029284.r2.dev/nubia-and-the-museumization-of-a-culture.epub
NUBIA AND THE NUBIAN PEOPLE: An Annotated Bibliography,James Weldon Johnson,,https://pub-a5e3b47fe87749f491660d68e2029284.r2.dev/nubia-and-the-nubian-people-an-annotated-bibliography.epub
Nubia Bibliography Up to 2000,Alan Alpert,,https://pub-a5e3b47fe87749f491660d68e2029284.r2.dev/nubia-bibliography-up-to-2000.epub
Nubia in the New Kingdom: Lived Experience,Michaela Riva Gaaserud,,https://pub-a5e3b47fe87749f491660d68e2029284.r2.dev/nubia-in-the-new-kingdom-lived-experience.epub
Nubia: A Survey of Archaeological Research,David Kessler,,https://pub-a5e3b47fe87749f491660d68e2029284.r2.dev/nubia-a-survey-of-archaeological-research.epub
Nubia: Ancient Kingdoms of Africa,Geoff Emberling,,https://pub-a5e3b47fe87749f491660d68e2029284.r2.dev/nubia-ancient-kingdoms-of-africa.epub
Nubia: Lost Kingdoms of the Nile,Declan McHugh,,https://pub-a5e3b47fe87749f491660d68e2029284.r2.dev/nubia-lost-kingdoms-of-the-nile.epub
Nubia: Treasures of Ancient Sudan — MFA Boston,Alan Pearce,,https://pub-a5e3b47fe87749f491660d68e2029284.r2.dev/nubia-treasures-of-ancient-sudan-mfa-boston.epub
Nubian Archaeology in the 21st Century,N. K. Jemisin,,https://pub-a5e3b47fe87749f491660d68e2029284.r2.dev/nubian-archaeology-in-the-21st-century.epub
Nubian Elite and Popular Religion During the Napatan and Meroitic Periods,Lewis Hill; Leonard Perry,,https://pub-a5e3b47fe87749f491660d68e2029284.r2.dev/nubian-elite-and-popular-religion-during-the-napatan-and-mer.epub
Nubian Identity in the Bronze Age,Harvard Business Review,,https://pub-a5e3b47fe87749f491660d68e2029284.r2.dev/nubian-identity-in-the-bronze-age.epub
Nubian Pharaohs and Meroitic Kings: The Kingdom of Kush,Michaela Riva Gaaserud,,https://pub-a5e3b47fe87749f491660d68e2029284.r2.dev/nubian-pharaohs-and-meroitic-kings-the-kingdom-of-kush.epub
Nubian Queens,alsemo,,https://pub-a5e3b47fe87749f491660d68e2029284.r2.dev/nubian-queens.pdf
Nubian Queens in the Nile Valley and Afro-Asiatic Cultural History,Judith Baker Montano,,https://pub-a5e3b47fe87749f491660d68e2029284.r2.dev/nubian-queens-in-the-nile-valley-and-afro-asiatic-cultural-h.epub
"Old Dongola Kom A (Acropolis), 2005",Polish Centre of Mediterranean Archaeology,old-dongola-kom-a-acropolis-polish-centre-of-mediterranean.pdf,https://pub-a5e3b47fe87749f491660d68e2029284.r2.dev/old-dongola-kom-a-acropolis-polish-centre-of-mediterranean.pdf
On the Challenges of Economic Development in Post-Conflict Sudan,Ali Abdel Gadir Ali,,https://pub-0c3bb637d5f54b239fe4a4ef9b08bfe3.r2.dev/On_the_Challenges_of_Economic_Developmen.pdf
On the Experience of Islamic Agricultural Finance in Sudan: Challenges and Sustainability,Adam Elhiraika,,https://pub-0c3bb637d5f54b239fe4a4ef9b08bfe3.r2.dev/On_the_experience_of_Islamic_Agricultura.pdf
On the Road to Recovery: How Sudan Is Saving Its Water Sector,UNICEF,on-the-road-to-recovery-how-su-unknown.pdf,https://pub-a5e3b47fe87749f491660d68e2029284.r2.dev/on-the-road-to-recovery-how-su-unknown.pdf
On the Withdrawal of Roman Troops from the Dodecaschoenos in AD 298,"Grace Gershuny; Deborah, L. Martin",,https://pub-a5e3b47fe87749f491660d68e2029284.r2.dev/on-the-withdrawal-of-roman-troops-from-the-dodecaschoenos-in.epub
Osman Digna,H. C. Jackson,osman-digna-jackson-h-c.pdf,https://pub-a5e3b47fe87749f491660d68e2029284.r2.dev/osman-digna-jackson-h-c.pdf
Osman Digna: The Last Mahdist Warrior,H.C. Jackson,,https://pub-a5e3b47fe87749f491660d68e2029284.r2.dev/osman-digna-the-last-mahdist-warrior.epub
Out of Africa: The Superb Artwork of Ancient Nubia,Dan Bader,,https://pub-a5e3b47fe87749f491660d68e2029284.r2.dev/out-of-africa-the-superb-artwork-of-ancient-nubia.epub
Overcoming the Past: War and Peace in Sudan and South Sudan,Unknown,,https://pub-a5e3b47fe87749f491660d68e2029284.r2.dev/overcoming-past-war-peace-sudan-south-sudan.pdf
Oxford Handbook of Ancient Nubia,Geoff Emberling; Bruce Beyer Williams (Eds.),,https://global.oup.com/academic/product/the-oxford-handbook-of-ancient-nubia-9780190496272
Palace of the Kingdom of Meroe: Relay Points of Central Power,"Grace Gershuny; Deborah, L. Martin",,https://pub-a5e3b47fe87749f491660d68e2029284.r2.dev/palace-of-the-kingdom-of-meroe-relay-points-of-central-power.epub
Paleolithic Man and the Nile-Faiyum Divide in Nubia and Upper Egypt: A Study of the Region during Pliocene and Pleistocene Times,K. S. Sandford and W. J. Arkell,,https://isac.uchicago.edu/sites/default/files/uploads/shared/docs/oip17.pdf
"Partnerships, Special Economic Zones, New CSR Essential for Africa's Economic Diversification",UN Economic Commission for Africa,partnerships-special-economic-un-economic-commission-for-afri.pdf,https://pub-a5e3b47fe87749f491660d68e2029284.r2.dev/partnerships-special-economic-un-economic-commission-for-afri.pdf
Pastoral States: Toward a Comparative Archaeology of Early Kush,Michaela Riva Gaaserud,,https://pub-a5e3b47fe87749f491660d68e2029284.r2.dev/pastoral-states-toward-a-comparative-archaeology-of-early-ku.epub
Patterns of Economic Growth and Poverty in Sudan,"Adam Hessain Yagoob, Ting Zuo",,https://pub-0c3bb637d5f54b239fe4a4ef9b08bfe3.r2.dev/ssrn-2726449.pdf
Perspectives on Sudan: Isolation at Home and Abroad,Michaela Riva Gaaserud,,https://pub-a5e3b47fe87749f491660d68e2029284.r2.dev/perspectives-on-sudan-isolation-at-home-and-abroad.epub
Piye's Conquest of Egypt and the Making of a Great Event,Christopher Knight; Alan Butler,,https://pub-a5e3b47fe87749f491660d68e2029284.r2.dev/piye-s-conquest-of-egypt-and-the-making-of-a-great-event.epub
Potentiality of Organic Perennial Crops in the River Nile State of Sudan,David Kessler,,https://pub-a5e3b47fe87749f491660d68e2029284.r2.dev/potentiality-of-organic-perennial-crops-in-the-river-nile-st.epub
Predicting and Explaining Currency Crisis in Sudan,Alamedin Bannaga,,https://pub-0c3bb637d5f54b239fe4a4ef9b08bfe3.r2.dev/Predicting_and_Explaining_Currency_Crisi.pdf
Proceedings of the International Society of Nubian Studies,Jeff Carlson,,https://pub-a5e3b47fe87749f491660d68e2029284.r2.dev/proceedings-of-the-international-society-of-nubian-studies.epub
Promoting Trade Between Central and Southern Africa: Burundi and Rwanda,UN Economic Commission for Africa,promoting-trade-between-central-united-nations-economic-commiss.pdf,https://pub-a5e3b47fe87749f491660d68e2029284.r2.dev/promoting-trade-between-central-united-nations-economic-commiss.pdf
Protective Structure at Meroe Pyramids,Michaela Riva Gaaserud,,https://pub-a5e3b47fe87749f491660d68e2029284.r2.dev/protective-structure-at-meroe-pyramids.epub
Queen Amanirenas: The Kandaka Who Fought Rome,"By O. G. S. Crawford, C.B.E.,",,https://pub-a5e3b47fe87749f491660d68e2029284.r2.dev/queen-amanirenas-the-kandaka-who-fought-rome.epub
Queen Amanirenas: The Warrior Queen of Kush,Jason B. Tiller,,https://pub-a5e3b47fe87749f491660d68e2029284.r2.dev/queen-amanirenas-the-warrior-queen-of-kush.epub
Readings in the Economic Impacts of Recent Changes in Macroeconomic Policies in Sudan (2),Issam A.W. Mohamed,,https://pub-0c3bb637d5f54b239fe4a4ef9b08bfe3.r2.dev/ssrn-2113567.pdf
Real Exchange Rate Misalignment and Economic Performance in Sudan,Isaac Kojo Nyamekye,,https://pub-0c3bb637d5f54b239fe4a4ef9b08bfe3.r2.dev/eal_exchange_rate_misalignment_and_econo.pdf
Recent Advances in Our Understanding of Prehistory in Northern Sudan,Evo1,,https://pub-a5e3b47fe87749f491660d68e2029284.r2.dev/recent-advances-in-our-understanding-of-prehistory-in-northe.epub
Reconsidering the Mesolithic and Neolithic in Sudan,Allan MacGregor,,https://pub-a5e3b47fe87749f491660d68e2029284.r2.dev/reconsidering-the-mesolithic-and-neolithic-in-sudan.epub
Reconstructing the Meroitic Elite,Allan MacGregor,,https://pub-a5e3b47fe87749f491660d68e2029284.r2.dev/reconstructing-the-meroitic-elite.epub
Red Sea Politics in Sudan,Abdalla Ahmed Abdalla,,https://pub-a5e3b47fe87749f491660d68e2029284.r2.dev/red-sea-politics-in-sudan.epub
Reflections on the Red Sea Style: Beyond the Surface of Coastal Architecture,John Knowles,,https://pub-a5e3b47fe87749f491660d68e2029284.r2.dev/reflections-on-the-red-sea-style-beyond-the-surface-of-coast.epub
"Reformist Islam: Protagonists, Methods, and Themes of Progressive Islamic Thinking","Grace Gershuny; Deborah, L. Martin",,https://pub-a5e3b47fe87749f491660d68e2029284.r2.dev/reformist-islam-protagonists-methods-and-themes-of-progressi.epub
Reinscribing Conrad: Tayeb Salih's Season of Migration to the North,Declan McHugh,,https://pub-a5e3b47fe87749f491660d68e2029284.r2.dev/reinscribing-conrad-tayeb-salih-s-season-of-migration-to-the.epub
Remote Sensing to Monitor Impact of Conflict on Agriculture,FEWS NET / USAID,remote-sensing-to-monitor-impac-fews-net-usaid.pdf,https://pub-a5e3b47fe87749f491660d68e2029284.r2.dev/remote-sensing-to-monitor-impac-fews-net-usaid.pdf
Republic of Sudan Ministry of Minerals: Geological Survey,Government of Sudan,,https://pub-a5e3b47fe87749f491660d68e2029284.r2.dev/republic-of-sudan-ministry-of-minerals-geological-survey.epub
Research Group: Central Places and Their Environment in the Nile Valley,Michaela Riva Gaaserud,,https://pub-a5e3b47fe87749f491660d68e2029284.r2.dev/research-group-central-places-and-their-environment-in-the-n.epub
"Resource Rents, Human Development and Economic Growth in Sudan","Various (Economies journal, MDPI)",,https://pub-0c3bb637d5f54b239fe4a4ef9b08bfe3.r2.dev/economies-08-00099.pdf
Rethinking Sudan After Southern Secession,Jeff Carlson,,https://pub-a5e3b47fe87749f491660d68e2029284.r2.dev/rethinking-sudan-after-southern-secession.epub
Review of Sudanese Socio-Economic Development Problems,Alan Pearce,,https://pub-a5e3b47fe87749f491660d68e2029284.r2.dev/review-of-sudanese-socio-economic-development-problems.epub
Review of the Sudanese Socio-Economic Problems,Ibrahim M. Zein (Economic Research Forum),review-of-the-sudanse-socio-eco-unknown.pdf,https://pub-a5e3b47fe87749f491660d68e2029284.r2.dev/review-of-the-sudanse-socio-eco-unknown.pdf
Rock Art at the Fourth Nile Cataract,Andrew Roberts,,https://pub-a5e3b47fe87749f491660d68e2029284.r2.dev/rock-art-at-the-fourth-nile-cataract.epub
Rock Inscriptions from Semna and Kumma,Beatrice Shorts,,https://pub-a5e3b47fe87749f491660d68e2029284.r2.dev/rock-inscriptions-from-semna-and-kumma.epub
Role of Rural Women in Sustaining Household Food Supplies in Western Sudan,Unknown,,https://pub-0c3bb637d5f54b239fe4a4ef9b08bfe3.r2.dev/Role_of_Rural_Women_in_Sustaining_Househ.pdf
Romans and Nubia,Alan Pearce,,https://pub-a5e3b47fe87749f491660d68e2029284.r2.dev/romans-and-nubia.epub
Sahel Rail: Connecting the Sahel by Rail,Andrew Newberg; Mark Robert Waldman,,https://pub-a5e3b47fe87749f491660d68e2029284.r2.dev/sahel-rail-connecting-the-sahel-by-rail.epub
Sahel Rainfall and Conflicts in Sudan,Abdalla Ahmed Abdalla,,https://pub-a5e3b47fe87749f491660d68e2029284.r2.dev/sahel-rainfall-and-conflicts-in-sudan.epub
Same Sex Marriage in Islamic Law,Andrew Newberg; Mark Robert Waldman,,https://pub-a5e3b47fe87749f491660d68e2029284.r2.dev/same-sex-marriage-in-islamic-law.epub
Same-Sex Marriage in Islamic Law (Republican Thought Translation),Republican Thought,,https://www.researchgate.net/publication/271089285_Mahmoud_Mohammed_Taha_and_the_Republican_Brotherhood_Transforming_Islamic_Society
Saving Water from the Sudd: The Jonglei Canal Debate,"Grace Gershuny; Deborah, L. Martin",,https://pub-a5e3b47fe87749f491660d68e2029284.r2.dev/saving-water-from-the-sudd-the-jonglei-canal-debate.epub
Sennar: Capital of Islamic Culture 2017,Harry Jones,,https://pub-a5e3b47fe87749f491660d68e2029284.r2.dev/sennar-capital-of-islamic-culture-2017.epub
Seventy Years of Pottery Studies in Sudanese Prehistoric Archaeology,Freda McManus; Gillian Butler,,https://pub-a5e3b47fe87749f491660d68e2029284.r2.dev/seventy-years-of-pottery-studies-in-sudanese-prehistoric-arc.epub
Sharing Sudan's Burden: Options for Post-Secession Debt Apportionment,Fareed Hassan,,https://pub-0c3bb637d5f54b239fe4a4ef9b08bfe3.r2.dev/Sharing_Sudans_Burden_Options_for_Post_S.pdf
Six Ways Cities Can Reach Their Economic Potential,Bruce Katz (Brookings),,https://www.brookings.edu/articles/six-ways-cities-can-reach-their-economic-potential/
Skills Development in Sudan,Ibrahim Khalid Ibrahim,skills-development-in-sudan-se-ibrahim-khalid-ibrahim.pdf,https://pub-a5e3b47fe87749f491660d68e2029284.r2.dev/skills-development-in-sudan-se-ibrahim-khalid-ibrahim.pdf
Smarthistory: Pylon of the Nubian Lion Temple at Naga,Smarthistory,,https://pub-a5e3b47fe87749f491660d68e2029284.r2.dev/smarthistory-nubian-lion-temple-naga.pdf
Socio-Economic Research (Red Sea Livelihoods),Paul Harrison,,https://link.springer.com/article/10.1007/s10708-024-11038-1
Solar Energy Potential in the Sudan,Musadag El Zein,solar-energy-potential-in-the-s-musadag-el-zein.pdf,https://pub-a5e3b47fe87749f491660d68e2029284.r2.dev/solar-energy-potential-in-the-s-musadag-el-zein.pdf
Some Thoughts on Egyptian Elements in Kushite Religion and Rituals,Beatrice Shorts,,https://pub-a5e3b47fe87749f491660d68e2029284.r2.dev/some-thoughts-on-egyptian-elements-in-kushite-religion-and-r.epub
Sorghum Value Chain Analysis,FAO,sorghum-value-chain-analysis-food.pdf,https://pub-a5e3b47fe87749f491660d68e2029284.r2.dev/sorghum-value-chain-analysis-food.pdf
Southern Corridor Great Lakes Region Railway: Pre-Feasibility Study,Jeff Carlson,,https://pub-a5e3b47fe87749f491660d68e2029284.r2.dev/southern-corridor-great-lakes-region-railway-pre-feasibility.epub
Spatial and Temporal Distribution of Domestic Architecture in Christian Nubia,James Watkins,,https://pub-a5e3b47fe87749f491660d68e2029284.r2.dev/spatial-and-temporal-distribution-of-domestic-architecture-i.epub
Special Report: Manipulation of Economic Indicators in Africa,African Development Bank,special-report-manipulation-of-unknown.pdf,https://pub-a5e3b47fe87749f491660d68e2029284.r2.dev/special-report-manipulation-of-unknown.pdf
Spinning in Meroitic Sudan: Textile Implements from Abu Geili,Lewis Hill; Leonard Perry,,https://pub-a5e3b47fe87749f491660d68e2029284.r2.dev/spinning-meroitic-sudan-textile-abu-geili.pdf
Stable Isotope Study on Ancient Populations of Central Sudan,Roger Dooley,,https://pub-a5e3b47fe87749f491660d68e2029284.r2.dev/stable-isotope-study-on-ancient-populations-of-central-sudan.epub
Statistical Findings Regarding Civil War Onsets: Sudan,DK Travel,,https://pub-a5e3b47fe87749f491660d68e2029284.r2.dev/statistical-findings-regarding-civil-war-onsets-sudan.epub
Statues from Site B500 at Meroe,Galit Shmueli; Peter C. Bruce; Peter Gedeck; Nitin R. Patel,,https://pub-a5e3b47fe87749f491660d68e2029284.r2.dev/statues-from-site-b500-at-meroe.epub
Status Report on Fruits and Vegetables Production in Sudan,Lewis Hill; Leonard Perry,,https://pub-a5e3b47fe87749f491660d68e2029284.r2.dev/status-report-on-fruits-and-vegetables-production-in-sudan.epub
"Strangers Everywhere: Exclusion, Identity and the Future of Nubians in Northern Uganda",Charles Amone,strangers-everywhere-exclusion-charles-amone.pdf,https://pub-a5e3b47fe87749f491660d68e2029284.r2.dev/strangers-everywhere-exclusion-charles-amone.pdf
Strangers Everywhere: Nubians in Northern Uganda,Charles Amone,,https://pub-a5e3b47fe87749f491660d68e2029284.r2.dev/strangers-everywhere-nubians-in-northern-uganda.epub
Strategic Approach of America's Foreign Policy Towards Africa (Case: Sudan),Hadi Zargari,,https://pub-0c3bb637d5f54b239fe4a4ef9b08bfe3.r2.dev/Strategic_approach_of_Americas_foreign_p.pdf
Structural Economic Change and Poverty Reduction: An Analysis of Sectoral Composition in Sudan,"Mohammed Elhaj Mustafa Ali, Abdul-Hameed Elias Suliman",,https://pub-0c3bb637d5f54b239fe4a4ef9b08bfe3.r2.dev/ssrn-5988254.pdf
Suakin: On Reviving an Ancient Red Sea Port,Mohamed Awad,,https://www.semanticscholar.org/paper/Suakin:-On-Reviving-an-Ancient-Red-Sea-Port-City-Salim/4a2ef6e8b1a8d0dc414ca274e251c89fd2274eee
Success and Suppression: Arabic Sciences and Philosophy in the Renaissance,Dag Nikolaus Hasse,,https://pub-a5e3b47fe87749f491660d68e2029284.r2.dev/success-and-suppression-arabic-sciences-and-philosophy-in-th.epub
Sudan & Nubia 10,Sudan Archaeological Research Society,sudan-nubia-10-unknown.pdf,https://pub-a5e3b47fe87749f491660d68e2029284.r2.dev/sudan-nubia-10-unknown.pdf
Sudan & Nubia 23,Sudan Archaeological Research Society,sudan-nubia-23-unknown.pdf,https://pub-a5e3b47fe87749f491660d68e2029284.r2.dev/sudan-nubia-23-unknown.pdf
Sudan & Nubia: Journal Table of Contents,Manuela Lehmann (SARS),sudan-nubia-table-of-content-manuela-lehmann.pdf,https://pub-a5e3b47fe87749f491660d68e2029284.r2.dev/sudan-nubia-table-of-content-manuela-lehmann.pdf
Sudan 2022 Human Rights Report,U.S. Department of State,sudan-2022-human-rights-report-u-s-department-of-state.pdf,https://pub-a5e3b47fe87749f491660d68e2029284.r2.dev/sudan-2022-human-rights-report-u-s-department-of-state.pdf
Sudan Agriculture Value Chain Analysis,Freda McManus; Gillian Butler,,https://pub-a5e3b47fe87749f491660d68e2029284.r2.dev/sudan-agriculture-value-chain-analysis.epub
Sudan and Sorghum: Value Chain Analysis,Michaela Riva Gaaserud,,https://pub-a5e3b47fe87749f491660d68e2029284.r2.dev/sudan-and-sorghum-value-chain-analysis.epub
Sudan and the Exploitation of the Waters of the Nile,Patrick Conway,sudan-and-the-exploitation-of-t-patrick-conway.pdf,https://pub-a5e3b47fe87749f491660d68e2029284.r2.dev/sudan-and-the-exploitation-of-t-patrick-conway.pdf
Sudan and Trade Integrity Report 2020,Global Financial Integrity,sudan-and-trade-integrity-repor-global-financial-integrity.pdf,https://pub-a5e3b47fe87749f491660d68e2029284.r2.dev/sudan-and-trade-integrity-repor-global-financial-integrity.pdf
Sudan Archaeological Research Society Newsletter 21 (Grzymski),Krzysztof Grzymski,,https://pub-a5e3b47fe87749f491660d68e2029284.r2.dev/sars-sn21-grzymski.pdf
Sudan Conflict Observatory Report 2023,Freda McManus; Gillian Butler,,https://pub-a5e3b47fe87749f491660d68e2029284.r2.dev/sudan-conflict-observatory-report-2023.epub
Sudan Country Economic Memorandum: Realizing the Potential for Diversified Development,World Bank,,https://pub-a5e3b47fe87749f491660d68e2029284.r2.dev/sudan-country-economic-memorandum-realizing-the-potential-fo.epub
Sudan Country Report,Steven B. Kennedy,,https://openknowledge.fao.org/server/api/core/bitstreams/8cb2e0b6-4dd1-46b6-833c-14731c3596d4/content
Sudan Diagnostic Trade Integration Study,World Bank,,https://pub-a5e3b47fe87749f491660d68e2029284.r2.dev/sudan-diagnostic-trade-integration-study.epub
Sudan E-Agriculture Strategy and Action Plan 2018-2022,Government of Sudan,,https://pub-a5e3b47fe87749f491660d68e2029284.r2.dev/sudan-e-agriculture-strategy-and-action-plan-2018-2022.epub
Sudan E-Agriculture Strategy and Action Plan 2018–2022,Government of Sudan / FAO,sudan-e-agriculture-strategy-an-government-of-sudan-fao.pdf,https://pub-a5e3b47fe87749f491660d68e2029284.r2.dev/sudan-e-agriculture-strategy-an-government-of-sudan-fao.pdf
Sudan Economic Outlook,African Development Bank,,https://pub-0c3bb637d5f54b239fe4a4ef9b08bfe3.r2.dev/Sudan%20Economic%20Outlook.pdf
Sudan Economic Update May 2025,World Bank,,https://pub-a5e3b47fe87749f491660d68e2029284.r2.dev/sudan-economic-update-may-2025.epub
"Sudan Economic Update, May 2025: The Economic and Social Consequences of the Conflict",World Bank,,https://pub-a5e3b47fe87749f491660d68e2029284.r2.dev/wb-sudan-economic-update-2025.pdf
Sudan Fools Gold Report,Abdalla Ahmed Abdalla,,https://pub-a5e3b47fe87749f491660d68e2029284.r2.dev/sudan-fools-gold-report.epub
Sudan Government Gazettes (Durham Sudan Archive digitized series),Sudan Government,,https://libguides.durham.ac.uk/asc-sudan-archive/gazettes
Sudan Human Rights Report 2017,U.S. Department of State,,https://pub-a5e3b47fe87749f491660d68e2029284.r2.dev/sudan-human-rights-report-2017.epub
Sudan Infrastructure Sector Overview,Infrastructure & Cities for Economic Development (ICED),sudan-infrastructure-sector-ove-infrastructure.pdf,https://pub-a5e3b47fe87749f491660d68e2029284.r2.dev/sudan-infrastructure-sector-ove-infrastructure.pdf
"Sudan Intelligence Reports, 1889–1958 (Durham Sudan Archive digitized series)",Egyptian Army / Sudan Government,,https://libguides.durham.ac.uk/asc-sudan-archive/sirs
Sudan National GMO Policy,Government of Sudan,,https://pub-a5e3b47fe87749f491660d68e2029284.r2.dev/sudan-national-gmo-policy.epub
"Sudan Notes and Records, Volume 5 (1922)",University of Khartoum / Sudan Government,,https://www.sudanarchive.net/?a=d&d=SNRV19220000-01
Sudan Plans $640 Million Railway Revamp as It Relinks With World,Mohammed Alamin (Bloomberg),,https://www.bloomberg.com/news/articles/2021-07-16/sudan-plans-640-million-railway-revamp-as-it-relinks-with-world
"Sudan Political Map (with Cities, Roads and Rivers)",UN Cartographic Section,sudan-political-map-with-citie-unknown.pdf,https://pub-a5e3b47fe87749f491660d68e2029284.r2.dev/sudan-political-map-with-citie-unknown.pdf
"Sudan Rail Roads, Roads and Infrastructure Map",Alan Pearce,,https://pub-a5e3b47fe87749f491660d68e2029284.r2.dev/sudan-rail-roads-roads-and-infrastructure-map.epub
Sudan Railways,Andy McMillan,,https://pub-a5e3b47fe87749f491660d68e2029284.r2.dev/sudan-railways.epub
Sudan Railways Development Project,Alan Pearce,,https://pub-a5e3b47fe87749f491660d68e2029284.r2.dev/sudan-railways-development-project.epub
Sudan Social Safety Net Assessment,World Bank,,https://pub-a5e3b47fe87749f491660d68e2029284.r2.dev/sudan-social-safety-net-assessment.epub
Sudan Staff Lists (Durham Sudan Archive digitized series),Sudan Government,,https://libguides.durham.ac.uk/asc-sudan-archive/staff
Sudan Stakeholder Dialogues: Options for Economic Stabilization,World Bank,,https://pub-a5e3b47fe87749f491660d68e2029284.r2.dev/sudan-stakeholder-dialogues-options-for-economic-stabilizati.epub
Sudan Updated First NDC 2021,Government of Sudan,,https://pub-a5e3b47fe87749f491660d68e2029284.r2.dev/sudan-updated-first-ndc-2021.epub
Sudan's Agricultural Problems,CIA Reports,,https://pub-a5e3b47fe87749f491660d68e2029284.r2.dev/sudan-s-agricultural-problems.epub
Sudan's Challenges and Opportunities: A Renaissance Project for Sudan,Economic Research Forum,sudan-s-challenges-and-opportun-unknown.pdf,https://pub-a5e3b47fe87749f491660d68e2029284.r2.dev/sudan-s-challenges-and-opportun-unknown.pdf
Sudan's Challenges and Opportunities: A Renaissance Project for Sudan — From Poor Agriculture to Agro-Industrial Growth and Sustainable Development,"Abdelrahman Khidir Osman, Amir Hamid Elobaid, Abdelrazig Elbashir, Alzaki Alhelo",,https://pub-a5e3b47fe87749f491660d68e2029284.r2.dev/erf-renaissance-project-sudan.pdf
Sudan's Constitution of 1998,Government of Sudan,,https://pub-a5e3b47fe87749f491660d68e2029284.r2.dev/sudan-s-constitution-of-1998.epub
Sudan's Constitution of 2019,Constitute Project,sudan-s-constitution-of-2019-constitute-project-constitutio.pdf,https://pub-a5e3b47fe87749f491660d68e2029284.r2.dev/sudan-s-constitution-of-2019-constitute-project-constitutio.pdf
Sudan's Economic Nightmare,Tim Niblock (MERIP),,https://merip.org/1985/09/sudans-economic-nightmare/
Sudan's Economic Nightmare — MERIP,MERIP,,https://pub-a5e3b47fe87749f491660d68e2029284.r2.dev/sudan-s-economic-nightmare-merip.epub
Sudan's Infrastructure: A Continental Perspective,Rupa Ranganathan; Cecilia Briceño-Garmendia (World Bank),sudan-s-infrastructure-a-conti-unknown.pdf,https://pub-a5e3b47fe87749f491660d68e2029284.r2.dev/sudan-s-infrastructure-a-conti-unknown.pdf
Sudan's Normalization with Israel: In Whose Interests?,Dina Di Mambro,,https://pub-a5e3b47fe87749f491660d68e2029284.r2.dev/sudan-s-normalization-with-israel-in-whose-interests.epub
Sudan's Predicament and the Israeli Connection,Allan MacGregor,,https://pub-a5e3b47fe87749f491660d68e2029284.r2.dev/sudan-s-predicament-and-the-israeli-connection.epub
Sudan's Removal from the State Sponsors of Terrorism List,Darío Fernández-Morera,,https://pub-a5e3b47fe87749f491660d68e2029284.r2.dev/sudan-s-removal-from-the-state-sponsors-of-terrorism-list.epub
Sudan-Darfur Infrastructure Development Report,African Development Bank,sudan-darfur-infrastructure-dev-unknown.pdf,https://pub-a5e3b47fe87749f491660d68e2029284.r2.dev/sudan-darfur-infrastructure-dev-unknown.pdf
Sudan: A Case for Structural Adjustment Policies,Karl Wohlmuth,sudan-a-case-for-structural-adj-karl-wohlmuth.pdf,https://pub-a5e3b47fe87749f491660d68e2029284.r2.dev/sudan-a-case-for-structural-adj-karl-wohlmuth.pdf
Sudan: A Country Study,"Federal Research Division, Library of Congress",sudan-a-country-study-federal-research-division-libr.pdf,https://pub-a5e3b47fe87749f491660d68e2029284.r2.dev/sudan-a-country-study-federal-research-division-libr.pdf
Sudan: Agricultural Problems,U.S. Department of Agriculture,sudan-agricultural-problems-unknown.pdf,https://pub-a5e3b47fe87749f491660d68e2029284.r2.dev/sudan-agricultural-problems-unknown.pdf
Sudan: Ancient Civilization at the National Museum of Munich,Donna Kornhaber,,https://pub-a5e3b47fe87749f491660d68e2029284.r2.dev/sudan-ancient-civilization-at-the-national-museum-of-munich.epub
Sudan: Request for a 39-Month Arrangement Under the Extended Credit Facility,International Monetary Fund,,https://pub-a5e3b47fe87749f491660d68e2029284.r2.dev/sudan-imf-ecf-arrangement-2021.pdf
Sudan: Selected Issues Paper,International Monetary Fund,,https://pub-a5e3b47fe87749f491660d68e2029284.r2.dev/sudan-imf-selected-issues-2012.pdf
Sudan: The Criminal Act of 1991,Government of Sudan,,https://pub-a5e3b47fe87749f491660d68e2029284.r2.dev/sudan-the-criminal-act-of-1991.epub
Sudan: The Draft Constitutional Text 2005,Government of Sudan,,https://pub-a5e3b47fe87749f491660d68e2029284.r2.dev/sudan-the-draft-constitutional-text-2005.epub
Sudanese and Nubian Archaeology: Scholarship Past and Present,Mansur Hasib,,https://pub-a5e3b47fe87749f491660d68e2029284.r2.dev/sudanese-and-nubian-archaeology-scholarship-past-and-present.epub
Sudanese Universities as Sites of Social Transformation,Linda S. Bishai (USIP),sudanese-universities-as-sites-linda-s-bishai.pdf,https://pub-a5e3b47fe87749f491660d68e2029284.r2.dev/sudanese-universities-as-sites-linda-s-bishai.pdf
Supporting Urban Development in Sudan: Beyond Emergency Relief,UN-Habitat (Arianna Francioni; Mathias Spaliviero; Wael Al-Ashhab),Supporting%20Urban%20Development%20in%20Sudan%20-%20UN-Habitat%202012.pdf,https://pub-0c3bb637d5f54b239fe4a4ef9b08bfe3.r2.dev/Supporting%20Urban%20Development%20in%20Sudan%20-%20UN-Habitat%202012.pdf
Swan Song in the Nile Valley: The Mamluk Statelet in Dongola 1812-1820,"Hart, Brian",,https://pub-a5e3b47fe87749f491660d68e2029284.r2.dev/swan-song-nile-valley-mamluk-dongola.pdf
Ta'rikh al-Sudan,Abd al-Rahman al-Sa'di,,https://siiasi.org/digital-archive/shaykh-muhammad-shareef/tarikh-as-sudan/
Tackling Squatter Settlements in Sudanese Cities (SSISC),"Sumaia Omer Mohamed Gamie; National Council for Physical Development, Sudan",Tackling%20Squatter%20Settlements%20in%20Sudanese%20Cities%20%28SSISC%29%20-%20National%20Council%20for%20Physical%20Development.pdf,https://pub-0c3bb637d5f54b239fe4a4ef9b08bfe3.r2.dev/Tackling%20Squatter%20Settlements%20in%20Sudanese%20Cities%20%28SSISC%29%20-%20National%20Council%20for%20Physical%20Development.pdf
Taha: Crisis in Islamic Law,Aimee Baldridge; Robert Clark,,https://pub-a5e3b47fe87749f491660d68e2029284.r2.dev/taha-crisis-in-islamic-law.epub
Taking the First Step to Facilitate Trade in Sudan,Jeff Carlson,,https://pub-a5e3b47fe87749f491660d68e2029284.r2.dev/taking-the-first-step-to-facilitate-trade-in-sudan.epub
Tar: An Ancient Sudanese Curing Treatment,Allan MacGregor,,https://pub-a5e3b47fe87749f491660d68e2029284.r2.dev/tar-an-ancient-sudanese-curing-treatment.epub
Tarikh El Sudan: Classic Arabic Chronicle,Clarkson Potter,,https://pub-a5e3b47fe87749f491660d68e2029284.r2.dev/tarikh-el-sudan-classic-arabic-chronicle.epub
Tattooing and Scarification in Ancient Nubia,Galit Shmueli; Peter C. Bruce; Peter Gedeck; Nitin R. Patel,,https://pub-a5e3b47fe87749f491660d68e2029284.r2.dev/tattooing-and-scarification-in-ancient-nubia.epub
Technical Efficiency of On-Farm Water Use in Sudan's Gezira Scheme,Cathy Whitlock; Art Directors Guid,,https://pub-a5e3b47fe87749f491660d68e2029284.r2.dev/technical-efficiency-of-on-farm-water-use-in-sudan-s-gezira-.epub
Technical Guide for the Production of Export Bananas in Sudan,Luud Clercx,,https://www.fao.org/fileadmin/templates/banana/documents/Docs_Resources_2015/TR4/Technical_Guide_for_Export_Banana_Production_in_Sudan.pdf
Technologies to Construct a Canal,Japan Water Agency,technologies-to-construct-a-can-unknown.pdf,https://pub-a5e3b47fe87749f491660d68e2029284.r2.dev/technologies-to-construct-a-can-unknown.pdf
The 1998 Constitution of Sudan,Government of Sudan,,https://pub-a5e3b47fe87749f491660d68e2029284.r2.dev/the-1998-constitution-of-sudan.epub
The 25th Dynasty: Nubian Pharaohs of Egypt,Jason Test,,https://pub-a5e3b47fe87749f491660d68e2029284.r2.dev/the-25th-dynasty-nubian-pharaohs-of-egypt.epub
The Agricultural Potential of Sudan,Abdalla Ahmed Abdalla; Hassan Osman Abdel Nour,the-agricultural-potential-of-s-abdalla-ahmed-abdalla-hassan-o.pdf,https://pub-a5e3b47fe87749f491660d68e2029284.r2.dev/the-agricultural-potential-of-s-abdalla-ahmed-abdalla-hassan-o.pdf
The Agricultural Revolution,Amanda Zarder,the-agricultural-revolution-amanda-zarder.pdf,https://pub-a5e3b47fe87749f491660d68e2029284.r2.dev/the-agricultural-revolution-amanda-zarder.pdf
The Anglo-Egyptian Sudan,Beatrice Shorts,,https://pub-a5e3b47fe87749f491660d68e2029284.r2.dev/the-anglo-egyptian-sudan.epub
The Arab Region SDG Index and Dashboards Report 2019,John Paul Mueller,,https://pub-a5e3b47fe87749f491660d68e2029284.r2.dev/the-arab-region-sdg-index-and-dashboards-report-2019.epub
The Black Kingdom of the Nile,Declan McHugh,,https://pub-a5e3b47fe87749f491660d68e2029284.r2.dev/the-black-kingdom-of-the-nile.epub
The British Museum Dictionary of Ancient Egypt,Ian Shaw,,https://pub-a5e3b47fe87749f491660d68e2029284.r2.dev/the-british-museum-dictionary-of-ancient-egypt.epub
The Candaces of Meroe,World History Encyclopedia,,https://pub-a5e3b47fe87749f491660d68e2029284.r2.dev/candaces-of-meroe-world-history-encyclopedia.pdf
The Construction Industry of Sudan: Potentials and Challenges,Jeff Carlson,,https://pub-a5e3b47fe87749f491660d68e2029284.r2.dev/construction-industry-sudan-potentials-challenges.pdf
The Controversy of Exchange Rate Devaluation in Sudan: An Economy-wide General Equilibrium Assessment,Khalid H. A. Siddig,,https://pub-a5e3b47fe87749f491660d68e2029284.r2.dev/exchange-rate-devaluation-sudan-cge.pdf
The Crest of the Peacock: Non-European Roots of Mathematics,George Gheverghese Joseph,,https://pub-a5e3b47fe87749f491660d68e2029284.r2.dev/the-crest-of-the-peacock-non-european-roots-of-mathematics.epub
The Determinants of Inflation in Sudan,Kabbashi M. Suliman,,https://pub-a5e3b47fe87749f491660d68e2029284.r2.dev/determinants-inflation-sudan-aerc.pdf
The Dialogue between the River Nile and Its Hinterlands: Al Khandaq,Peter Sander,,https://pub-a5e3b47fe87749f491660d68e2029284.r2.dev/the-dialogue-between-the-river-nile-and-its-hinterlands-al-k.epub
The Early New Kingdom at Sai Island: Pottery Analysis,Beatrice Shorts,,https://pub-a5e3b47fe87749f491660d68e2029284.r2.dev/the-early-new-kingdom-at-sai-island-pottery-analysis.epub
The Effects of Exchange Rate Changes on Trade Balance in Sudan,Ahmed Abd Allah,,https://www.academia.edu/78311105/The_Effects_of_Exchange_Rate_Changes_on_Trade_Balance_in_Sudan
The Emergence of the State of Nobadia and the Byzantine Policy,Catherine Saxelby,,https://pub-a5e3b47fe87749f491660d68e2029284.r2.dev/the-emergence-of-the-state-of-nobadia-and-the-byzantine-poli.epub
The Formation of the Sudanese Mahdist State: Ceremony and Symbols of Authority 1882-1898,Marsha Collier,,https://pub-a5e3b47fe87749f491660d68e2029284.r2.dev/formation-sudanese-mahdist-state-1882-1898.pdf
The Fourth Cataract and Beyond: Archaeological Salvage,Michaela Riva Gaaserud,,https://pub-a5e3b47fe87749f491660d68e2029284.r2.dev/the-fourth-cataract-and-beyond-archaeological-salvage.epub
"The Gezira Irrigation Scheme in Sudan: Objectives, Design and Performance",Lewis Hill; Leonard Perry,,https://pub-a5e3b47fe87749f491660d68e2029284.r2.dev/the-gezira-irrigation-scheme-in-sudan-objectives-design-and-.epub
"The Gezira Irrigation Scheme in Sudan: Objectives, Design, and Performance",World Bank,,https://pub-a5e3b47fe87749f491660d68e2029284.r2.dev/gezira-irrigation-scheme-sudan-objectives-performance.pdf
The Gezira Scheme: Perspectives for Sustainable Development,A. M. Eldaw / FAO,the-gezira-scheme-perspectives-fao.pdf,https://pub-a5e3b47fe87749f491660d68e2029284.r2.dev/the-gezira-scheme-perspectives-fao.pdf
The Gezira Scheme: Sudan's Struggle for Food Self-Sufficiency,Muriel Mirak-Weissbach,the-gezira-scheme-sudan-s-stru-muriel-mirak-weissbach.pdf,https://pub-a5e3b47fe87749f491660d68e2029284.r2.dev/the-gezira-scheme-sudan-s-stru-muriel-mirak-weissbach.pdf
The Gold Boom in Sudan: Challenges and Opportunities for National Economic Players,Lewis Hill; Leonard Perry,,https://pub-a5e3b47fe87749f491660d68e2029284.r2.dev/gold-boom-sudan-challenges-opportunities.pdf
The Historical and Religious Conditions of the Split of Sudan,Abdalla Ahmed Abdalla,,https://pub-a5e3b47fe87749f491660d68e2029284.r2.dev/the-historical-and-religious-conditions-of-the-split-of-suda.epub
The History and Origins of the Current Conflict in Darfur,Cathy Whitlock; Art Directors Guid,,https://pub-a5e3b47fe87749f491660d68e2029284.r2.dev/the-history-and-origins-of-the-current-conflict-in-darfur.epub
The History of the Nile Region,Annelise Hagen,,https://pub-a5e3b47fe87749f491660d68e2029284.r2.dev/the-history-of-the-nile-region.epub
The Horn of Africa-Persian Gulf Nexus: Inter-Regional Dynamics,Cathy Whitlock; Art Directors Guid,,https://pub-a5e3b47fe87749f491660d68e2029284.r2.dev/the-horn-of-africa-persian-gulf-nexus-inter-regional-dynamic.epub
The Horn of Africa–Persian Gulf Nexus: Inter-Regional Dynamics in Geopolitical Flux,Scott Firsing,the-horn-of-africa-persian-gulf-scott-firsing.pdf,https://pub-a5e3b47fe87749f491660d68e2029284.r2.dev/the-horn-of-africa-persian-gulf-scott-firsing.pdf
The Impact of Foreign Direct Investment on Domestic Investment: Evidence from Sudan,Yassin Yahia,,https://pub-0c3bb637d5f54b239fe4a4ef9b08bfe3.r2.dev/The_Impact_of_Foreign_Direct_Investment.pdf
The Impact of Global Financial Crisis in Sudan,Widaa Shomki,,https://pub-0c3bb637d5f54b239fe4a4ef9b08bfe3.r2.dev/The_Impact_Of_Global_Financial_Crisis_In.pdf
The Impact of Human Capital on Economic Growth: Empirical Evidence from Sudan,Unknown,,https://pub-a5e3b47fe87749f491660d68e2029284.r2.dev/impact-human-capital-economic-growth-sudan.pdf
The Impact of Macroeconomic Policies on Economic Growth in Sudan,Mohamed Ahmed,,https://pub-0c3bb637d5f54b239fe4a4ef9b08bfe3.r2.dev/The_Impact_of_Macroeconomic_Policies_on.pdf
The Impact of Privatisation on the Position of Sudanese Women,Elsadig Musa Ahmed,,https://pub-0c3bb637d5f54b239fe4a4ef9b08bfe3.r2.dev/The_impact_of_privatisation_on_the_posit.pdf
The Inscription of Queen Katimala at Semna,John Coleman Darnell,,https://pub-a5e3b47fe87749f491660d68e2029284.r2.dev/the-inscription-of-queen-katimala-at-semna.epub
The Insecure Investment Climate and Its Impact on Foreign Direct Investment Flows in Sudan,Abdelrahman Tahir Hag Adam,,https://pub-0c3bb637d5f54b239fe4a4ef9b08bfe3.r2.dev/The_Insecure_Investment_Climate_and_It_s.pdf
The Interaction Sphere of Nubia and Egypt,Christopher Knight; Alan Butler,,https://pub-a5e3b47fe87749f491660d68e2029284.r2.dev/the-interaction-sphere-of-nubia-and-egypt.epub
The Invisible Superpower: The Geopolitical Status of the Kushite 25th Dynasty,Jeff Carlson,,https://pub-a5e3b47fe87749f491660d68e2029284.r2.dev/the-invisible-superpower-the-geopolitical-status-of-the-kush.epub
The Kandake: A Missing History,Ann VanderMeer; Jeff VanderMeer,,https://pub-a5e3b47fe87749f491660d68e2029284.r2.dev/the-kandake-a-missing-history.pdf
The King Amanikhareqerem and the Meroitic World,"Grace Gershuny; Deborah, L. Martin",,https://pub-a5e3b47fe87749f491660d68e2029284.r2.dev/the-king-amanikhareqerem-and-the-meroitic-world.epub
The Kingdom of Kush in the 4th Cataract: Oriental Institute Salvage,Michaela Riva Gaaserud,,https://pub-a5e3b47fe87749f491660d68e2029284.r2.dev/the-kingdom-of-kush-in-the-4th-cataract-oriental-institute-s.epub
The Kingdoms of Kush — National Geographic Society,National Geographic Society,,https://pub-a5e3b47fe87749f491660d68e2029284.r2.dev/the-kingdoms-of-kush-national-geographic-society.epub
The Kushite Pottery Sequence at Kawa: Parallels at Home and Abroad,Michaela Riva Gaaserud,,https://pub-a5e3b47fe87749f491660d68e2029284.r2.dev/the-kushite-pottery-sequence-at-kawa-parallels-at-home-and-a.epub
The Land Cover Atlas of Sudan,FAO,the-land-cover-atlas-of-sudan-food.pdf,https://pub-a5e3b47fe87749f491660d68e2029284.r2.dev/the-land-cover-atlas-of-sudan-food.pdf
The Landscape and Archaeology of Jebel Sabaloka,Declan McHugh,,https://pub-a5e3b47fe87749f491660d68e2029284.r2.dev/the-landscape-and-archaeology-of-jebel-sabaloka.epub
The Law of Elephants and the Justice of Monkeys: Two Cases of Anti-Colonialism in the Sudan,Richard A. Lobban Jr.,,https://digitalcommons.ric.edu/facultypublications/351/
The Long-run Development Impacts of Agricultural Productivity Gains: Evidence from Irrigation Canals in India,Sam Asher et al.,the-long-run-development-impact-sam-asher-alison-campion-dou.pdf,https://pub-a5e3b47fe87749f491660d68e2029284.r2.dev/the-long-run-development-impact-sam-asher-alison-campion-dou.pdf
The Lost Pharaohs,A. J. Arberry,,https://pub-a5e3b47fe87749f491660d68e2029284.r2.dev/the-lost-pharaohs.epub
"The Macroeconomic Effects of Foreign Capital, Liberalization and Reform in Sudan: An Empirical Investigation",Fareed Hassan,,https://www.academia.edu/67852119/The_Macroeconomic_Effects_of_Foreign_Capital_Liberalization_and_Reform_in_Sudan_An_Empirical_Investigation
The Mammisi Temple and Kiosk at Naga,Beatrice Shorts,,https://pub-a5e3b47fe87749f491660d68e2029284.r2.dev/the-mammisi-temple-and-kiosk-at-naga.epub
The Meroitic Empire: Trade and Cultural Influences in an Indian Ocean Context,Guy McKinnon,,https://pub-a5e3b47fe87749f491660d68e2029284.r2.dev/the-meroitic-empire-trade-and-cultural-influences-in-an-indi.epub
The Meroitic Ethiopian Origins of the Modern Oromo Nation,Christopher Knight; Alan Butler,,https://pub-a5e3b47fe87749f491660d68e2029284.r2.dev/the-meroitic-ethiopian-origins-of-the-modern-oromo-nation.epub
The Mosque Building in Dongola,Edwin Black,,https://pub-a5e3b47fe87749f491660d68e2029284.r2.dev/the-mosque-building-in-dongola.epub
The Mosque Building in Old Dongola: Conservation and Revitalization Project,Richard A. Lobban Jr.,,https://www.academia.edu/5510091/The_Mosque_Building_in_Old_Dongola_Conservation_and_revitalization_project
The Next Major Gold Mining Destination in Africa,Elina Chow,,http://www.sudanembassybj.com/PDF/Sudan%20Mineral%20Potential%20%20%20%20-Mar15_2017.pdf
The Nile Bride Myth Revisioned in Nubian Literature,Manfred B. Steger; Ravi K. Roy,,https://pub-a5e3b47fe87749f491660d68e2029284.r2.dev/nile-bride-myth-nubian-literature.pdf
"The Nile: An Encyclopedia of Geography, History, and Culture",Jeff Carlson,,https://pub-a5e3b47fe87749f491660d68e2029284.r2.dev/the-nile-an-encyclopedia-of-geography-history-and-culture.epub
The Nuba: An Anthropological Study of the Hill Tribes in Kordofan,DPT Collective; Marc de Bruijn; Liz Castro; Florian Cramer; Joost Kircz; Silvio Lorusso; Michael Murtaugh; Pia Pol; Miriam Rasch; Margreet Riphagen,,https://pub-a5e3b47fe87749f491660d68e2029284.r2.dev/the-nuba-an-anthropological-study-of-the-hill-tribes-in-kord.epub
The Nubian Exodus,James W. Sire,,https://pub-a5e3b47fe87749f491660d68e2029284.r2.dev/the-nubian-exodus.epub
The Nubian Past: An Archaeology of the Sudan,Jeff Carlson,,https://pub-a5e3b47fe87749f491660d68e2029284.r2.dev/the-nubian-past-an-archaeology-of-the-sudan.epub
The Oriental Institute and Nubia,Barry Gates,,https://pub-a5e3b47fe87749f491660d68e2029284.r2.dev/the-oriental-institute-and-nubia.epub
The Ottomans and the Funj Sultanate in the Sixteenth and Seventeenth Centuries,A.C.S. Peacock,,https://pub-a5e3b47fe87749f491660d68e2029284.r2.dev/ottomans-funj-sultanate-sixteenth-seventeenth.pdf
The Palace of Muweis in the Shendi Reach,Carlo M. Cipolla,,https://pub-a5e3b47fe87749f491660d68e2029284.r2.dev/the-palace-of-muweis-in-the-shendi-reach.epub
The Politics and Architecture of Housing in Postcolonial Sudan,Abdalla Ahmed Abdalla,,https://pub-a5e3b47fe87749f491660d68e2029284.r2.dev/the-politics-and-architecture-of-housing-in-postcolonial-sud.epub
The Queen Mother in the Kingdom of Kush,"By O. G. S. Crawford, C.B.E.,",,https://pub-a5e3b47fe87749f491660d68e2029284.r2.dev/queen-mother-kingdom-of-kush.pdf
The Railways of Africa: Visions 2025,International Union of Railways (UIC),,https://uic.org/africa/IMG/pdf/the-railways-of-africa-visions-2025.pdf
The Reality of Citrus Production and Marketing in Sudan,Yasir Ahmed Abdalla Eltoum; Anas Omer Abdalbgi Alhadi,the-reality-of-citrus-productio-yasir-ahmed-abdalla-eltoum-ana.pdf,https://pub-a5e3b47fe87749f491660d68e2029284.r2.dev/the-reality-of-citrus-productio-yasir-ahmed-abdalla-eltoum-ana.pdf
The Role of Institutions in Sustainable Development: The Experience of Sudan Economy,Dirar Elobeid,,https://pub-0c3bb637d5f54b239fe4a4ef9b08bfe3.r2.dev/ssrn-2073875.pdf
The Rosette in Nubian Cultures,Andrew Newberg; Mark Robert Waldman,,https://pub-a5e3b47fe87749f491660d68e2029284.r2.dev/the-rosette-in-nubian-cultures.epub
The Royal Cemeteries of Nubia,John Knowles,,https://pub-a5e3b47fe87749f491660d68e2029284.r2.dev/the-royal-cemeteries-of-nubia.epub
The Second Message of Islam,Mahmoud Mohammed Taha,,https://pub-a5e3b47fe87749f491660d68e2029284.r2.dev/the-second-message-of-islam.epub
The Southern Frontier of the Meroitic State,Ali Al-Makk; Ahmed Al-Malik; Isa Al-Hilu; Arthur Gabriel Yak; Bawadir Bashir; Rania Mamoun; Bushra Al-Fadil; Mamoun Eltlib; Abdel Aziz Baraka Sakin; Hammour Ziada,,https://pub-a5e3b47fe87749f491660d68e2029284.r2.dev/the-southern-frontier-of-the-meroitic-state.epub
The Sudan Handbook,Rift Valley Institute,the-sudan-handbook-rift-valley-institute.pdf,https://pub-a5e3b47fe87749f491660d68e2029284.r2.dev/the-sudan-handbook-rift-valley-institute.pdf
The Sudan National Museum in Khartoum: An Illustrated Guide,Beatrice Shorts,,https://pub-a5e3b47fe87749f491660d68e2029284.r2.dev/the-sudan-national-museum-in-khartoum-an-illustrated-guide.epub
The Sudan of the Three Niles: The Funj Chronicle,Abdalla Ahmed Abdalla,,https://pub-a5e3b47fe87749f491660d68e2029284.r2.dev/the-sudan-of-the-three-niles-the-funj-chronicle.epub
The Technology and Craft Organization of Kushite Ceramic Production at Meroe,Beatrice Shorts,,https://pub-a5e3b47fe87749f491660d68e2029284.r2.dev/the-technology-and-craft-organization-of-kushite-ceramic-pro.epub
The Textual Corpus from Wadi Sarga: A New Study,Rémy Lentzner,,https://pub-a5e3b47fe87749f491660d68e2029284.r2.dev/the-textual-corpus-from-wadi-sarga-a-new-study.epub
The Urban Environment of Khartoum,Mark Twain,,https://pub-a5e3b47fe87749f491660d68e2029284.r2.dev/the-urban-environment-of-khartoum.epub
The Water Resources of the Sudan,United Nations Water Conference,the-water-resources-of-the-suda-united-nations-water-conference.pdf,https://pub-a5e3b47fe87749f491660d68e2029284.r2.dev/the-water-resources-of-the-suda-united-nations-water-conference.pdf
"The Water, Energy and Food Security Nexus in the Arab Region",Garry Jenkins,,https://pub-a5e3b47fe87749f491660d68e2029284.r2.dev/the-water-energy-and-food-security-nexus-in-the-arab-region.epub
The World Bank and the Gezira Scheme in the Sudan,World Bank,the-world-bank-and-the-gezira-s-world-bank.pdf,https://pub-a5e3b47fe87749f491660d68e2029284.r2.dev/the-world-bank-and-the-gezira-s-world-bank.pdf
The World in a Book: Al-Nuwayri and the Islamic Encyclopedic Tradition,Elias Muhanna,,https://pub-a5e3b47fe87749f491660d68e2029284.r2.dev/the-world-in-a-book-al-nuwayri-and-the-islamic-encyclopedic-.epub
The Wretched One Becomes the Strong Bull: Nubians in Ancient Egyptian Royal Inscriptions,George MacDonald Fraser,,https://pub-a5e3b47fe87749f491660d68e2029284.r2.dev/the-wretched-one-becomes-the-strong-bull-nubians-in-ancient-.epub
Third Year of BT Cotton Cultivation in Sudan 2014,Jane Wooldridge; Larry Bleiberg,,https://pub-a5e3b47fe87749f491660d68e2029284.r2.dev/third-year-of-bt-cotton-cultivation-in-sudan-2014.epub
Towards an Environmentally-Sensitive Vision for the Development of Greater Khartoum,Gamal M. Hamid,,https://www.researchgate.net/publication/269336771_Khartoum_2030_Towards_An_Environmentally-Sensitive_Vision_for_the_Development_of_Greater_Khartoum_Sudan
Towards Sustainable Management of Water Resources in Sudan,Ammar Abbker Abdalla,towards-sustainable-management-ammar-abbker-abdalla.pdf,https://pub-a5e3b47fe87749f491660d68e2029284.r2.dev/towards-sustainable-management-ammar-abbker-abdalla.pdf
Towards the African Integrated High Speed Railway Network,African Union,,https://pub-a5e3b47fe87749f491660d68e2029284.r2.dev/towards-the-african-integrated-high-speed-railway-network.epub
"Trace Element and Pb and Sr Isotope Investigation of Tooth Enamel from El-Kurru, Sudan",Antonio Simonetti et al.,,https://doi.org/10.1016/j.apgeochem.2021.105068
Trade & Wadis System in Muslim Sudan,Intisar Soghayroun Elzein,trade-wadis-system-in-muslim-intisar-soghayroun-elzein.pdf,https://pub-a5e3b47fe87749f491660d68e2029284.r2.dev/trade-wadis-system-in-muslim-intisar-soghayroun-elzein.pdf
Trends in the Sudanese Economy Q1 2014,Abdaltif Hassan,trends-in-the-sudanese-economy-abdaltif-hassan.pdf,https://pub-a5e3b47fe87749f491660d68e2029284.r2.dev/trends-in-the-sudanese-economy-abdaltif-hassan.pdf
Understanding How Flood Control Projects Reduce Flood Risk,FEMA / U.S. Army Corps of Engineers,understanding-how-flood-control-unknown.pdf,https://pub-a5e3b47fe87749f491660d68e2029284.r2.dev/understanding-how-flood-control-unknown.pdf
Unearthing a Pan-African Crossroad: The Middle Nile Valley in Prehistory,Michaela Riva Gaaserud,,https://pub-a5e3b47fe87749f491660d68e2029284.r2.dev/unearthing-a-pan-african-crossroad-the-middle-nile-valley-in.epub
Unearthing Pan-African Crossroad: Significance of the Middle Nile Valley in Prehistory,UNESCO,unearthing-pan-african-crossroa-unknown.pdf,https://pub-a5e3b47fe87749f491660d68e2029284.r2.dev/unearthing-pan-african-crossroa-unknown.pdf
Upper Nubian Vernacular Architecture,Szymon Maslak (PCMA),upper-nubian-vernacular-archite-unknown.pdf,https://pub-a5e3b47fe87749f491660d68e2029284.r2.dev/upper-nubian-vernacular-archite-unknown.pdf
Uranium in Sudan: Way Forward (Geological Research Authority),Hesham Aldeen Alkhar / Ministry of Minerals,republic-of-the-sudan-ministry-hesham-aldeen-alkhar.pdf,https://pub-a5e3b47fe87749f491660d68e2029284.r2.dev/republic-of-the-sudan-ministry-hesham-aldeen-alkhar.pdf
Urban Sector Studies and Capacity Building,UN-HABITAT,urban-sector-studies-and-capaci-united-nations-human-settlement.pdf,https://pub-a5e3b47fe87749f491660d68e2029284.r2.dev/urban-sector-studies-and-capaci-united-nations-human-settlement.pdf
Urban Waterways in Global Cities,OECD,urban-waterways-in-global-citie-unknown.pdf,https://pub-a5e3b47fe87749f491660d68e2029284.r2.dev/urban-waterways-in-global-citie-unknown.pdf
Urban World: Mapping the Economic Power of Cities,McKinsey Global Institute,,https://www.mckinsey.com/featured-insights/urbanization/urban-world-mapping-the-economic-power-of-cities
Victory in Nubia and Egypt: Pharaonic Military Campaigns,Michaela Riva Gaaserud,,https://pub-a5e3b47fe87749f491660d68e2029284.r2.dev/victory-in-nubia-and-egypt-pharaonic-military-campaigns.epub
Village Environmental Management Plans for Dungonab Bay and Mukkawar Island,Michaela Riva Gaaserud,,https://pub-a5e3b47fe87749f491660d68e2029284.r2.dev/village-environmental-management-plans-for-dungonab-bay-and-.epub
Wad Ben Naga: A History of the Site,Fitness Academy,,https://pub-a5e3b47fe87749f491660d68e2029284.r2.dev/wad-ben-naga-a-history-of-the-site.epub
Wasta: Education Expansion and Economic Liberalization in Sudan,Alan Pearce,,https://pub-a5e3b47fe87749f491660d68e2029284.r2.dev/wasta-education-expansion-and-economic-liberalization-in-sud.epub
Wasta: The Long-Term Implications of Education Expansion and Economic Liberalization on Politics in Sudan,London School of Economics,wasta-the-long-term-implicatio-london-school-of-economics-des.pdf,https://pub-a5e3b47fe87749f491660d68e2029284.r2.dev/wasta-the-long-term-implicatio-london-school-of-economics-des.pdf
"Water Diplomacy: The Share of the Nile River between Egypt, Ethiopia and Sudan",Unknown,,https://pub-a5e3b47fe87749f491660d68e2029284.r2.dev/water-diplomacy-nile-egypt-ethiopia-sudan.pdf
Water Infrastructure in Sudan,World Bank,water-infrastructure-in-sudan-unknown.pdf,https://pub-a5e3b47fe87749f491660d68e2029284.r2.dev/water-infrastructure-in-sudan-unknown.pdf
Water Management by Divine Benevolence: Meroitic Pastoral Reservoirs Along the Nile,Harrison Ferrone,,https://pub-a5e3b47fe87749f491660d68e2029284.r2.dev/water-management-by-divine-benevolence-meroitic-pastoral-res.epub
Water Resources and Freshwater Ecosystems in Sudan,FAO,water-resources-and-freshwater-unknown.pdf,https://pub-a5e3b47fe87749f491660d68e2029284.r2.dev/water-resources-and-freshwater-unknown.pdf
Water Resources in Sudan,FAO,water-resources-in-sudan-unknown.pdf,https://pub-a5e3b47fe87749f491660d68e2029284.r2.dev/water-resources-in-sudan-unknown.pdf
Water Scarcity and Food Security along the Nile,Terje Oestigaard (Nordic Africa Institute),water-scarcity-and-food-securit-terje-oestigaard.pdf,https://pub-a5e3b47fe87749f491660d68e2029284.r2.dev/water-scarcity-and-food-securit-terje-oestigaard.pdf
"Water Use Efficiencies of Gezira, Rahad and New Haifa Irrigated Schemes",Garry Jenkins,,https://pub-a5e3b47fe87749f491660d68e2029284.r2.dev/water-use-efficiencies-of-gezira-rahad-and-new-haifa-irrigat.epub
"Water, Vital for Life and Sustainable Growth in Sudan",UNEP,water-vital-for-life-and-susta-unknown.pdf,https://pub-a5e3b47fe87749f491660d68e2029284.r2.dev/water-vital-for-life-and-susta-unknown.pdf
West and East Africa Linked by OIC Rail Project,African Union,west-and-east-africa-linked-by-african-union.pdf,https://pub-a5e3b47fe87749f491660d68e2029284.r2.dev/west-and-east-africa-linked-by-african-union.pdf
Why Are Bureaucrats Slow Adopters? Water Management in the Gezira Scheme,George MacDonald Fraser,,https://pub-a5e3b47fe87749f491660d68e2029284.r2.dev/why-are-bureaucrats-slow-adopters-water-management-in-the-ge.epub
Why Did Taharqa Build His Tomb at Nuri?,John Knowles,,https://pub-a5e3b47fe87749f491660d68e2029284.r2.dev/why-did-taharqa-build-his-tomb-at-nuri.epub
Will a Nile Canal Project Dry Up Africa's Largest Wetland?,Fred Pearce (Yale Environment 360),,https://e360.yale.edu/features/will-a-nile-canal-project-dry-up-africas-largest-wetland
Wind Energy in Sudan for Water Pumping,"Kathrina, Maria",,https://www.sciencedirect.com/science/article/abs/pii/S0960148199000543
Women's Equal Rights and Islam in Sudanese Republican Thought,Lewis Hill; Leonard Perry,,https://pub-a5e3b47fe87749f491660d68e2029284.r2.dev/women-s-equal-rights-and-islam-in-sudanese-republican-though.epub
World Economic Situation and Prospects 2020,United Nations,world-economic-situation-and-pr-united-nations.pdf,https://pub-a5e3b47fe87749f491660d68e2029284.r2.dev/world-economic-situation-and-pr-united-nations.pdf
Wrestling in Ancient Nubia,Scott T. Carroll,,https://digital.la84.org/digital/api/collection/p17103coll10/id/696/download
