image_id,original_path,creator,dates,source_and_provenance,depicted_content,transformations,rights_assessment,attribution_requirements,confidence,missing_evidence,proposed_caption,citations,publication_status
I01,/images/uploads/karanog-dongola-cover-original.png,"Unverified; Kandaka is asserted commissioner, not an identified artist.",Claimed 2026 creation/commission; no records.,"Only front matter and caption supplied; no source file, agreement or source-image list.",Claimed composite panorama joining two sites separated in place and time. It cannot document one historical view.,"Unverified medium, compositing, AI involvement, source borrowing and editing.",No demonstrated licence or ownership; “original commissioned” is not evidence of rights.,"Obtain artist name, agreed credit, source licences and publication permission; record any required disclosure of synthetic reconstruction.",Low for asset and all rights facts.,File; creator/date; commission agreement; rights grant; source assets; architectural research notes.,"Conceptual panorama juxtaposing Meroitic Karanog and medieval Old Dongola. The sites did not share this landscape or moment. [Add verified creator, date and licence.]",,Hold actual asset: no supplied file was available for identity/derivative check.
I02,/images/uploads/karanog-cemetery-plan-1908.png,Published under Woolley and Randall-MacIver; specific draughtsperson/photographer not established from inspected plate.,"Fieldwork 1907–08; publication 1910. Exact individual drawing/photo date not established. NYU PDF metadata indicates a 2025 assembly, not a new creation date for the historic image.","NYU IFA-hosted plate volume; pl. 116, one-based PDF page 243. Original 1910 Philadelphia publication.","Foldout cemetery plan labelled near Anibeh, 1907–08; numerous graves, structures, scale and magnetic north (January 1908).","Historic survey/drawn plan, not aerial photograph. No target-file crop or scale preservation checked.",The published 1910 work is out of copyright in the United States by 2026. That does not automatically establish worldwide status or rights in later creative additions. NYU hosting is verified; the claimed scanning agency and target PNG transformations are not.,"Credit Woolley and Randall-MacIver, Karanòg: The Romano-Nubian Cemetery (1910), exact plate; scan hosted by NYU Institute of Fine Arts. Describe any crop, recolouring or enhancement. Do not invent a Creative Commons licence.",High for published-plate content and page match; moderate for surrogate production history; target asset unverified.,Actual PNG and edit history; specific plate creator if required; intended publication jurisdiction. Archive names F.J./M.W. Bonsall and Mary Louise Baker do not identify each plate’s artist.,"Excavation plan of the cemetery near Anibeh, surveyed in 1907–08. Woolley and Randall-MacIver, Karanòg (1910), pl. 116. Scan hosted by NYU Institute of Fine Arts.","[S02, pl. 116, PDF 243](https://mc.dlib.nyu.edu/files/books/ifa_egypt000402/ifa_egypt000402_lo.pdf); [S25](https://www.copyright.gov/circs/circ15a.pdf)",Hold actual asset: no supplied file was available for identity/derivative check.
I03,/images/uploads/karanog-tomb-superstructures-1910.png,Published under Woolley and Randall-MacIver; specific draughtsperson/photographer not established from inspected plate.,"Fieldwork 1907–08; publication 1910. Exact individual drawing/photo date not established. NYU PDF metadata indicates a 2025 assembly, not a new creation date for the historic image.","NYU IFA-hosted plate volume; pl. 112, one-based PDF page 235. Original 1910 Philadelphia publication.","Upper photograph: masonry foundations G70, G71, G165. Lower photograph: cross-ribs of G259.",Two historic excavation photographs arranged on a plate. No target-file edits checked.,The published 1910 work is out of copyright in the United States by 2026. That does not automatically establish worldwide status or rights in later creative additions. NYU hosting is verified; the claimed scanning agency and target PNG transformations are not.,"Credit Woolley and Randall-MacIver, Karanòg: The Romano-Nubian Cemetery (1910), exact plate; scan hosted by NYU Institute of Fine Arts. Describe any crop, recolouring or enhancement. Do not invent a Creative Commons licence.",High for published-plate content and page match; moderate for surrogate production history; target asset unverified.,Actual PNG and edit history; specific plate creator if required; intended publication jurisdiction. Archive names F.J./M.W. Bonsall and Mary Louise Baker do not identify each plate’s artist.,"Tomb superstructures at Karanog: foundations of G70, G71 and G165 above; cross-ribs of G259 below. Woolley and Randall-MacIver, Karanòg (1910), pl. 112. Scan hosted by NYU Institute of Fine Arts.","[S02, pl. 112, PDF 235](https://mc.dlib.nyu.edu/files/books/ifa_egypt000402/ifa_egypt000402_lo.pdf); [S25](https://www.copyright.gov/circs/circ15a.pdf)",Hold actual asset: no supplied file was available for identity/derivative check.
I04,/images/uploads/karanog-ba-statue-1910.png,Published under Woolley and Randall-MacIver; specific draughtsperson/photographer not established from inspected plate.,"Fieldwork 1907–08; publication 1910. Exact individual drawing/photo date not established. NYU PDF metadata indicates a 2025 assembly, not a new creation date for the historic image.","NYU IFA-hosted plate volume; pl. 1, one-based PDF page 8. Original 1910 Philadelphia publication.","Colour restoration of C40232 / JE40232, attributed to G187. “Royal” is the old plate’s interpretation. Later scholarship identifies high official Maloton/Meleton. Found in disturbed context behind G179, not securely in G187.","Already a reconstruction in 1910: disc added, staff-top conjectural, right-hand baton invented; colour extrapolated from traces and comparative fragments. It is not a modern faithful colour photograph.",The published 1910 work is out of copyright in the United States by 2026. That does not automatically establish worldwide status or rights in later creative additions. NYU hosting is verified; the claimed scanning agency and target PNG transformations are not.,"Credit Woolley and Randall-MacIver, Karanòg: The Romano-Nubian Cemetery (1910), exact plate; scan hosted by NYU Institute of Fine Arts. Describe any crop, recolouring or enhancement. Do not invent a Creative Commons licence.",High for published-plate content and page match; moderate for surrogate production history; target asset unverified.,Actual PNG and edit history; specific plate creator if required; intended publication jurisdiction. Archive names F.J./M.W. Bonsall and Mary Louise Baker do not identify each plate’s artist.,"The excavators’ 1910 colour reconstruction of the figure attributed to G187, later associated with the official Maloton. The disc and hand-held attributes include conjectural additions. Woolley and Randall-MacIver, Karanòg, pl. 1; explanation, p. 47. Scan hosted by NYU Institute of Fine Arts.","[S02, pl. 1, PDF 8](https://mc.dlib.nyu.edu/files/books/ifa_egypt000402/ifa_egypt000402_lo.pdf); [S25](https://www.copyright.gov/circs/circ15a.pdf); [S01, p. 47](https://archive.org/download/karangromanonu00wool/karangromanonu00wool.pdf); [S10, fig. 1, note 7](https://koregos.org/en/arnaud-quertinmont-la-statuaire-funeraire-des-dignitaires-provinciaux-de-lempire-meroitique/)",Hold actual asset: no supplied file was available for identity/derivative check.
I05,/images/uploads/karanog-painted-pottery-1910.png,Published under Woolley and Randall-MacIver; specific draughtsperson/photographer not established from inspected plate.,"Fieldwork 1907–08; publication 1910. Exact individual drawing/photo date not established. NYU PDF metadata indicates a 2025 assembly, not a new creation date for the historic image.","NYU IFA-hosted plate volume; pl. 43, one-based PDF page 97. Original 1910 Philadelphia publication.","Painted pottery and unfolded decorative bands: giraffes, plants, human figures and geometric motifs. Vessel 8451 (G189) is described as a hunter with a collared hound. Cattle/herders is a mistaken reading; birds are not established for this plate.",Historic colour renderings and flattened designs; not a single documentary photograph. Target recolouring/crop unknown.,The published 1910 work is out of copyright in the United States by 2026. That does not automatically establish worldwide status or rights in later creative additions. NYU hosting is verified; the claimed scanning agency and target PNG transformations are not.,"Credit Woolley and Randall-MacIver, Karanòg: The Romano-Nubian Cemetery (1910), exact plate; scan hosted by NYU Institute of Fine Arts. Describe any crop, recolouring or enhancement. Do not invent a Creative Commons licence.",High for published-plate content and page match; moderate for surrogate production history; target asset unverified.,Actual PNG and edit history; specific plate creator if required; intended publication jurisdiction. Archive names F.J./M.W. Bonsall and Mary Louise Baker do not identify each plate’s artist.,"Painted vessels and decorative bands from Karanog, including giraffes and a hunter with a collared hound (8451, G189). Woolley and Randall-MacIver, Karanòg (1910), pl. 43; text p. 55. Scan hosted by NYU Institute of Fine Arts.","[S02, pl. 43, PDF 97](https://mc.dlib.nyu.edu/files/books/ifa_egypt000402/ifa_egypt000402_lo.pdf); [S25](https://www.copyright.gov/circs/circ15a.pdf); [S01, p. 55](https://archive.org/download/karangromanonu00wool/karangromanonu00wool.pdf)",Hold actual asset: no supplied file was available for identity/derivative check.
I06,/images/uploads/karanog-meroitic-graffiti-1910.png,Published under Woolley and Randall-MacIver; specific draughtsperson/photographer not established from inspected plate.,"Fieldwork 1907–08; publication 1910. Exact individual drawing/photo date not established. NYU PDF metadata indicates a 2025 assembly, not a new creation date for the historic image.","NYU IFA-hosted plate volume; pl. 107, one-based PDF page 225. Original 1910 Philadelphia publication.","Copies of pottery inscriptions/marks: Greek, Demotic and Meroitic in the report’s classification; not all Meroitic and not all incised.","Historic line copies, including inked/painted and scratched marks. Letter readings and classifications should not be treated as a new epigraphic edition. Target crop unknown.",The published 1910 work is out of copyright in the United States by 2026. That does not automatically establish worldwide status or rights in later creative additions. NYU hosting is verified; the claimed scanning agency and target PNG transformations are not.,"Credit Woolley and Randall-MacIver, Karanòg: The Romano-Nubian Cemetery (1910), exact plate; scan hosted by NYU Institute of Fine Arts. Describe any crop, recolouring or enhancement. Do not invent a Creative Commons licence.",High for published-plate content and page match; moderate for surrogate production history; target asset unverified.,Actual PNG and edit history; specific plate creator if required; intended publication jurisdiction. Archive names F.J./M.W. Bonsall and Mary Louise Baker do not identify each plate’s artist.,"Pottery inscriptions and marks copied by the excavators, including Greek, Demotic and Meroitic examples, painted, inked or scratched on vessels. Woolley and Randall-MacIver, Karanòg (1910), pl. 107; text pp. 78–79. Scan hosted by NYU Institute of Fine Arts.","[S02, pl. 107, PDF 225](https://mc.dlib.nyu.edu/files/books/ifa_egypt000402/ifa_egypt000402_lo.pdf); [S25](https://www.copyright.gov/circs/circ15a.pdf); [S01, pp. 78–79](https://archive.org/download/karangromanonu00wool/karangromanonu00wool.pdf)",Hold actual asset: no supplied file was available for identity/derivative check.
I07,/images/uploads/dongola-throne-hall-present.jpg,"LeGabrie, according to exact Commons candidate file.",Taken 18 March 2017; metadata includes modification on 22 May 2017.,"Commons File:Dongola Throne Hall.jpg, 1834×1072. File page refers to earlier File:Old Dobgola Kingdom of Makuria, Throne hall (2) (34019327053).jpg; earlier lineage not independently completed.",Exterior of building at Old Dongola; file description supports candidate identification.,Metadata names Adobe Photoshop Elements 14. “No changes” cannot be certified for the article’s unavailable JPG; original editing is distinct from changes by Kandaka.,Exact candidate file carries CC BY-SA 4.0. Use conditional on actual match and compliance.,"Credit LeGabrie, 2017; link exact Commons file and CC BY-SA 4.0; indicate changes. License adaptations under compatible ShareAlike terms. Mere inclusion does not automatically license all article text under ShareAlike.",High for candidate page’s creator/date/licence; no confidence claimed in absent local-file identity.,Actual JPG; matched Commons revision; crop/edit record; resolution and colour comparison.,"The building conventionally known as the Throne Hall or Mosque Building at Old Dongola. Photograph: LeGabrie, 18 March 2017, Wikimedia Commons, CC BY-SA 4.0. [State verified changes.]",[S22](https://commons.wikimedia.org/wiki/File:Dongola_Throne_Hall.jpg); [S24](https://creativecommons.org/licenses/by-sa/4.0/),Hold actual asset: no supplied file was available for identity/derivative check.
I08,/images/uploads/dongola-throne-hall-reconstruction-original.png,Unverified; no named creator.,Claimed commissioned 2026; not documented.,"Only filename/caption supplied. Architectural references can be S13 and S15 fig. 6, but copying a modern drawing is a separate rights question.","Claimed cutaway: vaults, western stair, upper hall and proposed royal phase. No image inspected.","Any reconstruction should show four columns plus wall pilasters, apse off eastern corridor, separate lower circulation and the conjectural status of raised roof/terrace. Painting phases must not be merged into one ninth-century programme.",No demonstrated commissioning or reproduction rights. Modern plans/reconstructions are not public domain merely because the monument is old. S15 fig. 6 credits reconstruction W. Godlewski/D. Zielińska and drawing W. Godlewski/S. Maślak.,"Obtain creator/date, licence and source permissions; credit scholarly model and artist separately.",High for architectural corrections; low for unknown image and rights.,File; creator contract and source assets; comparison with measured plans; exact licence for any reused modern drawing.,"Interpretive cutaway of the building at Old Dongola in a proposed early phase. Surviving structure, reconstructed roof and hypothetical royal use must be distinguished. [Add verified artist, date, sources and licence.]","[S13, pp. 43–47](https://pcma.uw.edu.pl/wp-content/uploads/template/main/file/Dongola_guide/Chapters/9.Dongola_Throne_hall.pdf); [S15, p. 255, fig. 6; pp. 260–261](https://bazhum.muzhp.pl/media/texts/polish-archaeology-in-the-mediterranean/2013-tom-22/polish_archaeology_in_the_mediterranean-r2013-t22-s248-272.pdf)",Hold actual asset: no supplied file was available for identity/derivative check.
I09,/images/uploads/dongola-throne-hall-1821.jpg,Historic view attributed to Frédéric Cailliaud; original engraver not established. Commons colourisation uploaded by LeGabrie using DeepAI.,"View: 1821 (recorded visit 31 January in S15). Publication cited by S15: 1826, pl. I. Commons monochrome upload: 6 November 2018. Colourised revision: 6 August 2020, 21:54.","Commons File:Throne Hall of Dongola, 1821.jpg; current 683×557 file. Source chain through S15 p. 251 fig. 3, after Cailliaud 1826 pl. I; original atlas not inspected.",Western view of building during its mosque history. Digital colours are not historical colour evidence.,Explicit AI colourisation in 2020 revision; earlier monochrome version exists. Cropping/scanning chain and match to target file unverified.,Historic Cailliaud work is public domain; Commons tags the file as public domain. Do not infer all later creative contributions and jurisdictional questions are resolved merely by that tag.,"Credit Cailliaud, view 1821, publication 1826; source edition and Commons exact revision. If colourised version used, credit LeGabrie/DeepAI colourisation, 2020, separately. Prefer matched monochrome version for historical illustration.",High for documented Commons revision history and S15 caption; incomplete original-edition and target-file chain.,Actual JPG; chosen revision; original atlas/engraver; full surrogate chain; any distinct derivative-rights evidence.,"Old Dongola’s Mosque Building in Cailliaud’s view of 1821, published in 1826, pl. I. [For the current Commons version: digitally colourised by LeGabrie using DeepAI, 2020; colours are modern.]","[S15, p. 251, fig. 3; p. 271 bibliography](https://bazhum.muzhp.pl/media/texts/polish-archaeology-in-the-mediterranean/2013-tom-22/polish_archaeology_in_the_mediterranean-r2013-t22-s248-272.pdf); [S23](https://commons.wikimedia.org/wiki/File:Throne_Hall_of_Dongola,_1821.jpg)",Hold actual asset: no supplied file was available for identity/derivative check.
